Species_n,Variety_n,Processing.Method_n,Aroma_n,Flavor_n,Aftertaste_n,Acidity_n,Body_n,Balance_n,Uniformity_n,Clean.Cup_n,Sweetness_n,Cupper.Points_n,Moisture_n,Color_n,Altitude_n
0,0,0,0,0,0,0,0,0,0,0,0,0,0,0,0
0,0,0,0.609843938,0.763613861,0.779040404,0.630252101,0.615757576,0.611888112,0.6,0,0.133,0.602564103,0,0,0
0,0,0,0.759903962,0.783415842,0.779040404,0.729891957,0.626666667,0.708624709,0.6,0.133,0.6,0.611888112,0,0,0
0,0,0,0.780312125,0.783415842,0.779040404,0.75030012,0.636363636,0.719114219,0.667,0.267,0.6,0.631701632,0,0,0
0,0,0,0.780312125,0.794554455,0.779040404,0.780312125,0.767272727,0.719114219,0.667,0.267,0.667,0.699300699,0,0,0
0,0.038461538,0,0.800720288,0.804455446,0.789141414,0.800720288,0.778181818,0.719114219,0.667,0.533,0.742,0.719114219,0,0,0
0,0.038461538,0,0.81032413,0.804455446,0.799242424,0.800720288,0.787878788,0.737762238,0.733,0.533,0.742,0.719114219,0,0,0
0,0.038461538,0,0.81032413,0.804455446,0.799242424,0.800720288,0.808484848,0.757575758,0.8,0.6,0.742,0.728438228,0,0,0
0,0.038461538,0,0.819927971,0.804455446,0.799242424,0.81032413,0.808484848,0.757575758,0.8,0.6,0.75,0.737762238,0,0,0
0,0.038461538,0,0.819927971,0.814356436,0.799242424,0.81032413,0.818181818,0.766899767,0.8,0.6,0.758,0.737762238,0,0,0
0,0.038461538,0,0.819927971,0.814356436,0.810606061,0.819927971,0.818181818,0.766899767,0.8,0.6,0.758,0.748251748,0,0,
0,0.038461538,0,0.819927971,0.814356436,0.810606061,0.819927971,0.818181818,0.777389277,0.8,0.6,0.758,0.748251748,0,0,
0,0.038461538,0,0.819927971,0.814356436,0.820707071,0.819927971,0.827878788,0.777389277,0.8,0.667,0.758,0.748251748,0,0,
0,0.038461538,0,0.819927971,0.82549505,0.820707071,0.819927971,0.827878788,0.777389277,0.8,0.667,0.758,0.757575758,0,0,0.009099393
0,0.038461538,0,0.830732293,0.82549505,0.820707071,0.819927971,0.827878788,0.786713287,0.8,0.667,0.767,0.757575758,0,0,0.011432571
0,0.038461538,0,0.830732293,0.82549505,0.820707071,0.819927971,0.827878788,0.786713287,0.8,0.667,0.767,0.757575758,0,0,0.02309846
0,0.038461538,0,0.830732293,0.83539604,0.830808081,0.830732293,0.838787879,0.786713287,0.8,0.667,0.775,0.757575758,0,0,0.025431638
0,0.038461538,0.25,0.830732293,0.83539604,0.830808081,0.830732293,0.838787879,0.786713287,0.8,0.667,0.775,0.766899767,0,0,0.028931405
0,0.038461538,0.25,0.830732293,0.83539604,0.830808081,0.830732293,0.838787879,0.786713287,0.8,0.733,0.775,0.766899767,0,0,0.034764349
0,0.038461538,0.25,0.830732293,0.83539604,0.830808081,0.830732293,0.838787879,0.796037296,0.8,0.733,0.775,0.766899767,0,0,0.034764349
0,0.076923077,0.25,0.830732293,0.83539604,0.830808081,0.830732293,0.838787879,0.796037296,0.8,0.733,0.775,0.766899767,0,0,0.036604386
0,0.076923077,0.25,0.830732293,0.83539604,0.842171717,0.830732293,0.838787879,0.796037296,0.8,0.8,0.775,0.766899767,0,0,0.036604386
0,0.076923077,0.25,0.830732293,0.84529703,0.842171717,0.830732293,0.848484848,0.796037296,0.867,0.8,0.775,0.777389277,0,0,0.036604386
0,0.076923077,0.25,0.840336134,0.84529703,0.842171717,0.830732293,0.848484848,0.796037296,0.867,0.8,0.783,0.777389277,0,0,0.038264116
0,0.076923077,0.25,0.840336134,0.84529703,0.842171717,0.840336134,0.848484848,0.796037296,0.867,0.8,0.783,0.777389277,0,0,0.038964069
0,0.076923077,0.25,0.840336134,0.84529703,0.842171717,0.840336134,0.848484848,0.796037296,0.867,0.8,0.792,0.777389277,0,0,0.040597294
0,0.076923077,0.25,0.840336134,0.84529703,0.842171717,0.840336134,0.848484848,0.796037296,0.867,0.8,0.792,0.777389277,0,0,0.041763882
0,0.076923077,0.25,0.840336134,0.84529703,0.842171717,0.840336134,0.848484848,0.796037296,0.867,0.8,0.8,0.777389277,0,0,0.042930471
0,0.076923077,0.25,0.840336134,0.84529703,0.842171717,0.840336134,0.848484848,0.796037296,0.867,0.8,0.8,0.777389277,0,0,0.046430238
0,0.076923077,0.25,0.840336134,0.84529703,0.842171717,0.840336134,0.848484848,0.796037296,0.867,0.867,0.8,0.777389277,0,0,0.046430238
0,0.076923077,0.25,0.840336134,0.84529703,0.842171717,0.840336134,0.848484848,0.796037296,0.867,0.867,0.8,0.777389277,0,0,0.046430238
0,0.076923077,0.25,0.840336134,0.84529703,0.842171717,0.840336134,0.848484848,0.796037296,0.867,0.867,0.8,0.777389277,0,0,0.046430238
0,0.076923077,0.25,0.840336134,0.84529703,0.842171717,0.840336134,0.848484848,0.796037296,0.867,0.867,0.8,0.777389277,0,0,0.058096127
0,0.076923077,0.25,0.840336134,0.856435644,0.852272727,0.840336134,0.848484848,0.806526807,0.867,0.867,0.8,0.777389277,0,0,0.058096127
0,0.076923077,0.25,0.840336134,0.856435644,0.852272727,0.840336134,0.848484848,0.806526807,0.867,0.867,0.8,0.777389277,0,0,0.058212786
0,0.076923077,0.25,0.840336134,0.856435644,0.852272727,0.840336134,0.848484848,0.806526807,0.867,0.933,0.8,0.777389277,0,0,0.069762016
0,0.076923077,0.25,0.840336134,0.856435644,0.852272727,0.840336134,0.848484848,0.806526807,0.867,0.933,0.842,0.777389277,0,0,0.081427905
0,0.076923077,0.25,0.840336134,0.856435644,0.852272727,0.840336134,0.848484848,0.806526807,0.867,0.933,0.867,0.786713287,0,0,0.081427905
0,0.076923077,0.25,0.840336134,0.856435644,0.852272727,0.840336134,0.848484848,0.806526807,0.933,0.933,0.867,0.786713287,0,0,0.102193187
0,0.076923077,0.25,0.849939976,0.856435644,0.852272727,0.840336134,0.848484848,0.806526807,0.933,0.933,0.867,0.786713287,0,0,0.102659823
0,0.076923077,0.25,0.849939976,0.856435644,0.852272727,0.840336134,0.848484848,0.806526807,0.933,0.933,0.933,0.786713287,0,0.333333333,0.10289314
0,0.076923077,0.25,0.849939976,0.856435644,0.862373737,0.840336134,0.848484848,0.806526807,0.933,0.933,0.933,0.786713287,0,0.333333333,0.10289314
0,0.076923077,0.25,0.849939976,0.856435644,0.862373737,0.840336134,0.848484848,0.806526807,0.933,0.933,0.933,0.786713287,0,0.333333333,0.10289314
0,0.076923077,0.25,0.849939976,0.856435644,0.862373737,0.840336134,0.848484848,0.806526807,0.933,0.933,0.933,0.786713287,0,0.333333333,0.10289314
0,0.076923077,0.25,0.849939976,0.856435644,0.862373737,0.840336134,0.848484848,0.806526807,0.933,0.933,0.933,0.786713287,0,0.333333333,0.123891741
0,0.076923077,0.25,0.849939976,0.866336634,0.862373737,0.840336134,0.848484848,0.806526807,0.933,0.933,0.933,0.786713287,0,0.333333333,0.124125058
0,0.076923077,0.25,0.849939976,0.866336634,0.862373737,0.840336134,0.858181818,0.806526807,0.933,0.933,0.933,0.786713287,0,0.333333333,0.128091461
0,0.076923077,0.25,0.849939976,0.866336634,0.862373737,0.840336134,0.858181818,0.806526807,0.933,0.933,0.933,0.786713287,0,0.333333333,0.13975735
0,0.076923077,0.25,0.849939976,0.866336634,0.862373737,0.849939976,0.858181818,0.806526807,0.933,0.933,0.933,0.786713287,0,0.333333333,0.13975735
0,0.076923077,0.25,0.849939976,0.866336634,0.862373737,0.849939976,0.858181818,0.806526807,0.933,0.933,0.933,0.796037296,0,0.333333333,0.13975735
0,0.076923077,0.25,0.849939976,0.866336634,0.862373737,0.849939976,0.858181818,0.806526807,0.933,0.933,0.933,0.796037296,0,0.333333333,0.13975735
0,0.076923077,0.25,0.849939976,0.866336634,0.862373737,0.849939976,0.858181818,0.806526807,0.933,0.933,0.933,0.796037296,0,0.333333333,0.13975735
0,0.076923077,0.25,0.849939976,0.866336634,0.862373737,0.849939976,0.858181818,0.815850816,0.933,0.933,0.933,0.796037296,0,0.333333333,0.13975735
0,0.076923077,0.25,0.849939976,0.866336634,0.862373737,0.849939976,0.858181818,0.815850816,0.933,0.933,0.933,0.796037296,0,0.333333333,0.13975735
0,0.076923077,0.25,0.849939976,0.866336634,0.862373737,0.849939976,0.858181818,0.815850816,0.933,0.933,0.933,0.796037296,0,0.333333333,0.151423238
0,0.076923077,0.25,0.849939976,0.866336634,0.862373737,0.849939976,0.858181818,0.815850816,0.933,0.933,0.933,0.796037296,0,0.333333333,0.151423238
0,0.076923077,0.25,0.849939976,0.866336634,0.862373737,0.849939976,0.858181818,0.815850816,0.933,0.933,0.933,0.796037296,0,0.333333333,0.151423238
0,0.076923077,0.25,0.849939976,0.866336634,0.862373737,0.849939976,0.858181818,0.815850816,0.933,0.933,0.933,0.796037296,0,0.333333333,0.151423238
0,0.076923077,0.25,0.860744298,0.866336634,0.862373737,0.849939976,0.858181818,0.815850816,0.933,0.933,0.933,0.796037296,0,0.333333333,0.151423238
0,0.076923077,0.25,0.860744298,0.866336634,0.862373737,0.849939976,0.858181818,0.815850816,0.933,0.933,0.933,0.796037296,0,0.333333333,0.158422772
0,0.076923077,0.25,0.860744298,0.866336634,0.862373737,0.849939976,0.858181818,0.815850816,0.933,0.933,0.933,0.796037296,0,0.333333333,0.160289314
0,0.076923077,0.25,0.860744298,0.866336634,0.862373737,0.849939976,0.858181818,0.815850816,0.933,0.933,0.933,0.796037296,0,0.333333333,0.16075595
0,0.076923077,0.25,0.860744298,0.866336634,0.862373737,0.849939976,0.858181818,0.815850816,0.933,0.933,0.933,0.796037296,0,0.333333333,0.161922538
0,0.076923077,0.25,0.860744298,0.866336634,0.862373737,0.849939976,0.858181818,0.815850816,0.933,0.933,0.933,0.796037296,0,0.333333333,0.163089127
0,0.076923077,0.25,0.860744298,0.866336634,0.862373737,0.849939976,0.858181818,0.815850816,0.933,0.933,0.933,0.796037296,0,0.333333333,0.163089127
0,0.076923077,0.25,0.860744298,0.866336634,0.862373737,0.849939976,0.858181818,0.815850816,0.933,0.933,0.933,0.796037296,0,0.333333333,0.163089127
0,0.076923077,0.25,0.860744298,0.866336634,0.862373737,0.849939976,0.858181818,0.815850816,0.933,1,0.933,0.806526807,0,0.333333333,0.174755016
0,0.076923077,0.25,0.860744298,0.866336634,0.862373737,0.849939976,0.858181818,0.815850816,0.933,1,0.933,0.806526807,0,0.333333333,0.174755016
0,0.076923077,0.25,0.860744298,0.866336634,0.873737374,0.849939976,0.858181818,0.815850816,0.933,1,1,0.806526807,0,0.333333333,0.174755016
0,0.115384615,0.25,0.860744298,0.866336634,0.873737374,0.849939976,0.858181818,0.815850816,0.933,1,1,0.806526807,0,0.333333333,0.174755016
0,0.115384615,0.25,0.860744298,0.876237624,0.873737374,0.849939976,0.858181818,0.815850816,0.933,1,1,0.806526807,0,0.333333333,0.174755016
0,0.115384615,0.25,0.860744298,0.876237624,0.873737374,0.849939976,0.858181818,0.815850816,0.933,1,1,0.806526807,0,0.333333333,0.174755016
0,0.115384615,0.25,0.860744298,0.876237624,0.873737374,0.849939976,0.858181818,0.815850816,0.933,1,1,0.806526807,0,0.333333333,0.174755016
0,0.115384615,0.25,0.860744298,0.876237624,0.873737374,0.860744298,0.858181818,0.815850816,0.933,1,1,0.806526807,0,0.333333333,0.174755016
0,0.115384615,0.25,0.860744298,0.876237624,0.873737374,0.860744298,0.869090909,0.815850816,0.933,1,1,0.806526807,0,0.333333333,0.174755016
0,0.115384615,0.25,0.860744298,0.876237624,0.873737374,0.860744298,0.869090909,0.815850816,0.933,1,1,0.806526807,0,0.333333333,0.176621559
0,0.115384615,0.25,0.860744298,0.876237624,0.873737374,0.860744298,0.869090909,0.815850816,0.933,1,1,0.806526807,0,0.333333333,0.177788147
0,0.115384615,0.25,0.860744298,0.876237624,0.873737374,0.860744298,0.869090909,0.815850816,0.933,1,1,0.815850816,0,0.333333333,0.180354643
0,0.115384615,0.25,0.860744298,0.876237624,0.873737374,0.860744298,0.869090909,0.815850816,0.933,1,1,0.815850816,0,0.333333333,0.180587961
0,0.115384615,0.25,0.860744298,0.876237624,0.873737374,0.860744298,0.869090909,0.815850816,0.933,1,1,0.815850816,0,0.333333333,0.180587961
0,0.115384615,0.25,0.860744298,0.876237624,0.873737374,0.860744298,0.869090909,0.815850816,0.933,1,1,0.815850816,0,0.333333333,0.185254316
0,0.115384615,0.25,0.860744298,0.876237624,0.873737374,0.860744298,0.869090909,0.815850816,0.933,1,1,0.815850816,0,0.333333333,0.186420905
0,0.115384615,0.25,0.860744298,0.876237624,0.873737374,0.860744298,0.869090909,0.815850816,0.933,1,1,0.815850816,0,0.333333333,0.186420905
0,0.115384615,0.25,0.860744298,0.876237624,0.873737374,0.860744298,0.869090909,0.815850816,0.933,1,1,0.815850816,0,0.333333333,0.186420905
0,0.115384615,0.25,0.860744298,0.876237624,0.873737374,0.860744298,0.869090909,0.815850816,0.933,1,1,0.815850816,0,0.333333333,0.186420905
0,0.115384615,0.25,0.860744298,0.876237624,0.873737374,0.860744298,0.869090909,0.815850816,0.933,1,1,0.815850816,0,0.333333333,0.186420905
0,0.115384615,0.25,0.860744298,0.876237624,0.873737374,0.860744298,0.869090909,0.825174825,0.933,1,1,0.815850816,0,0.333333333,0.186420905
0,0.115384615,0.25,0.870348139,0.876237624,0.873737374,0.860744298,0.869090909,0.825174825,0.933,1,1,0.815850816,0,0.666666667,0.186420905
0,0.115384615,0.25,0.870348139,0.876237624,0.873737374,0.860744298,0.869090909,0.825174825,0.933,1,1,0.815850816,0,0.666666667,0.186420905
0,0.115384615,0.25,0.870348139,0.876237624,0.873737374,0.860744298,0.869090909,0.825174825,0.933,1,1,0.815850816,0,0.666666667,0.186420905
0,0.115384615,0.25,0.870348139,0.876237624,0.873737374,0.860744298,0.869090909,0.825174825,0.933,1,1,0.815850816,0,0.666666667,0.186420905
0,0.115384615,0.25,0.870348139,0.876237624,0.873737374,0.860744298,0.869090909,0.825174825,0.933,1,1,0.815850816,0,0.666666667,0.186420905
0,0.115384615,0.25,0.870348139,0.876237624,0.873737374,0.860744298,0.869090909,0.825174825,0.933,1,1,0.815850816,0,0.666666667,0.186420905
0,0.115384615,0.25,0.870348139,0.876237624,0.873737374,0.860744298,0.869090909,0.825174825,0.933,1,1,0.815850816,0,0.666666667,0.186420905
0,0.115384615,0.25,0.870348139,0.876237624,0.883838384,0.860744298,0.869090909,0.825174825,0.933,1,1,0.815850816,0,0.666666667,0.186420905
0,0.115384615,0.25,0.870348139,0.876237624,0.883838384,0.860744298,0.869090909,0.825174825,0.933,1,1,0.815850816,0,0.666666667,0.186420905
0,0.115384615,0.25,0.870348139,0.876237624,0.883838384,0.860744298,0.869090909,0.825174825,0.933,1,1,0.815850816,0,0.666666667,0.188287448
0,0.115384615,0.25,0.870348139,0.876237624,0.883838384,0.860744298,0.869090909,0.825174825,0.933,1,1,0.815850816,0,0.666666667,0.19225385
0,0.115384615,0.25,0.870348139,0.876237624,0.883838384,0.860744298,0.869090909,0.825174825,0.933,1,1,0.815850816,0,0.666666667,0.198086794
0,0.115384615,0.25,0.870348139,0.876237624,0.883838384,0.860744298,0.869090909,0.825174825,0.933,1,1,0.815850816,0,0.666666667,0.198086794
0,0.115384615,0.25,0.870348139,0.887376238,0.883838384,0.860744298,0.869090909,0.825174825,0.933,1,1,0.815850816,0,0.666666667,0.198086794
0,0.115384615,0.25,0.870348139,0.887376238,0.883838384,0.860744298,0.869090909,0.825174825,0.933,1,1,0.815850816,0,0.666666667,0.198086794
0,0.115384615,0.25,0.870348139,0.887376238,0.883838384,0.860744298,0.869090909,0.825174825,1,1,1,0.815850816,0,0.666666667,0.198889407
0,0.115384615,0.25,0.870348139,0.887376238,0.883838384,0.860744298,0.869090909,0.825174825,1,1,1,0.815850816,0,0.666666667,0.198889407
0,0.115384615,0.25,0.870348139,0.887376238,0.883838384,0.860744298,0.869090909,0.825174825,1,1,1,0.815850816,0,0.666666667,0.198889407
0,0.115384615,0.25,0.870348139,0.887376238,0.883838384,0.860744298,0.869090909,0.825174825,1,1,1,0.815850816,0.411764706,0.666666667,0.203219785
0,0.115384615,0.25,0.870348139,0.887376238,0.883838384,0.860744298,0.869090909,0.825174825,1,1,1,0.815850816,0.411764706,0.666666667,0.207419505
0,0.115384615,0.25,0.870348139,0.887376238,0.883838384,0.860744298,0.869090909,0.825174825,1,1,1,0.815850816,0.411764706,0.666666667,0.207419505
0,0.115384615,0.25,0.870348139,0.887376238,0.883838384,0.860744298,0.869090909,0.825174825,1,1,1,0.815850816,0.470588235,0.666666667,0.207419505
0,0.115384615,0.25,0.870348139,0.887376238,0.883838384,0.860744298,0.869090909,0.825174825,1,1,1,0.815850816,0.470588235,0.666666667,0.207419505
0,0.115384615,0.25,0.870348139,0.887376238,0.883838384,0.860744298,0.869090909,0.825174825,1,1,1,0.815850816,0.529411765,0.666666667,0.207419505
0,0.115384615,0.25,0.870348139,0.887376238,0.883838384,0.860744298,0.869090909,0.825174825,1,1,1,0.815850816,0.529411765,0.666666667,0.207419505
0,0.115384615,0.25,0.870348139,0.887376238,0.883838384,0.860744298,0.869090909,0.825174825,1,1,1,0.815850816,0.529411765,0.666666667,0.207419505
0,0.115384615,0.25,0.870348139,0.887376238,0.883838384,0.860744298,0.869090909,0.825174825,1,1,1,0.815850816,0.529411765,0.666666667,0.208352776
0,0.115384615,0.25,0.870348139,0.887376238,0.883838384,0.860744298,0.869090909,0.825174825,1,1,1,0.815850816,0.529411765,0.666666667,0.208352776
0,0.115384615,0.25,0.870348139,0.887376238,0.883838384,0.860744298,0.869090909,0.825174825,1,1,1,0.815850816,0.529411765,0.666666667,0.209752683
0,0.115384615,0.25,0.870348139,0.887376238,0.883838384,0.860744298,0.869090909,0.825174825,1,1,1,0.815850816,0.529411765,0.666666667,0.209752683
0,0.115384615,0.25,0.870348139,0.887376238,0.883838384,0.860744298,0.869090909,0.825174825,1,1,1,0.825174825,0.529411765,0.666666667,0.209752683
0,0.115384615,0.25,0.870348139,0.887376238,0.883838384,0.860744298,0.869090909,0.835664336,1,1,1,0.825174825,0.529411765,0.666666667,0.209752683
0,0.115384615,0.25,0.870348139,0.887376238,0.883838384,0.860744298,0.869090909,0.835664336,1,1,1,0.825174825,0.529411765,0.666666667,0.209752683
0,0.115384615,0.25,0.870348139,0.887376238,0.883838384,0.860744298,0.869090909,0.835664336,1,1,1,0.825174825,0.529411765,0.666666667,0.210919272
0,0.115384615,0.25,0.870348139,0.887376238,0.883838384,0.860744298,0.869090909,0.835664336,1,1,1,0.825174825,0.529411765,0.666666667,0.210919272
0,0.115384615,0.25,0.870348139,0.887376238,0.883838384,0.870348139,0.869090909,0.835664336,1,1,1,0.825174825,0.529411765,0.666666667,0.210919272
0,0.115384615,0.25,0.870348139,0.887376238,0.883838384,0.870348139,0.869090909,0.835664336,1,1,1,0.825174825,0.529411765,0.666666667,0.213112459
0,0.115384615,0.25,0.870348139,0.887376238,0.883838384,0.870348139,0.869090909,0.835664336,1,1,1,0.825174825,0.529411765,0.666666667,0.217685488
0,0.115384615,0.25,0.870348139,0.887376238,0.883838384,0.870348139,0.869090909,0.835664336,1,1,1,0.825174825,0.529411765,0.666666667,0.217685488
0,0.115384615,0.25,0.870348139,0.887376238,0.883838384,0.870348139,0.869090909,0.835664336,1,1,1,0.825174825,0.588235294,0.666666667,0.217685488
0,0.115384615,0.25,0.870348139,0.887376238,0.883838384,0.870348139,0.878787879,0.835664336,1,1,1,0.825174825,0.588235294,0.666666667,0.219085394
0,0.115384615,0.25,0.870348139,0.887376238,0.883838384,0.870348139,0.878787879,0.835664336,1,1,1,0.825174825,0.588235294,0.666666667,0.219085394
0,0.115384615,0.25,0.870348139,0.887376238,0.883838384,0.870348139,0.878787879,0.835664336,1,1,1,0.825174825,0.588235294,0.666666667,0.219085394
0,0.115384615,0.25,0.870348139,0.887376238,0.883838384,0.870348139,0.878787879,0.835664336,1,1,1,0.825174825,0.588235294,0.666666667,0.219085394
0,0.115384615,0.25,0.870348139,0.887376238,0.883838384,0.870348139,0.878787879,0.835664336,1,1,1,0.825174825,0.588235294,0.666666667,0.220018665
0,0.115384615,0.5,0.870348139,0.887376238,0.883838384,0.870348139,0.878787879,0.835664336,1,1,1,0.825174825,0.588235294,0.666666667,0.221418572
0,0.115384615,0.5,0.870348139,0.887376238,0.883838384,0.870348139,0.878787879,0.835664336,1,1,1,0.825174825,0.588235294,0.666666667,0.221418572
0,0.115384615,0.5,0.870348139,0.887376238,0.883838384,0.870348139,0.878787879,0.835664336,1,1,1,0.825174825,0.588235294,0.666666667,0.221418572
0,0.115384615,0.5,0.870348139,0.887376238,0.883838384,0.870348139,0.878787879,0.835664336,1,1,1,0.825174825,0.588235294,0.666666667,0.221418572
0,0.115384615,0.5,0.870348139,0.887376238,0.893939394,0.870348139,0.878787879,0.835664336,1,1,1,0.825174825,0.588235294,0.666666667,0.221418572
0,0.115384615,0.5,0.870348139,0.887376238,0.893939394,0.870348139,0.878787879,0.835664336,1,1,1,0.825174825,0.588235294,0.666666667,0.226784881
0,0.115384615,0.5,0.870348139,0.887376238,0.893939394,0.870348139,0.878787879,0.835664336,1,1,1,0.825174825,0.588235294,0.666666667,0.227251517
0,0.115384615,0.5,0.870348139,0.887376238,0.893939394,0.870348139,0.878787879,0.835664336,1,1,1,0.825174825,0.588235294,0.666666667,0.228651423
0,0.115384615,0.75,0.870348139,0.887376238,0.893939394,0.870348139,0.878787879,0.835664336,1,1,1,0.825174825,0.588235294,0.666666667,0.228884741
0,0.115384615,0.75,0.870348139,0.887376238,0.893939394,0.870348139,0.878787879,0.835664336,1,1,1,0.825174825,0.588235294,0.666666667,0.231917872
0,0.115384615,0.75,0.870348139,0.887376238,0.893939394,0.870348139,0.878787879,0.835664336,1,1,1,0.825174825,0.588235294,0.666666667,0.231917872
0,0.115384615,0.75,0.870348139,0.897277228,0.893939394,0.870348139,0.878787879,0.835664336,1,1,1,0.825174825,0.588235294,0.666666667,0.231917872
0,0.115384615,0.75,0.870348139,0.897277228,0.893939394,0.870348139,0.878787879,0.835664336,1,1,1,0.835664336,0.588235294,1,0.233084461
0,0.115384615,0.75,0.879951981,0.897277228,0.893939394,0.870348139,0.878787879,0.835664336,1,1,1,0.835664336,0.588235294,1,0.233084461
0,0.115384615,0.75,0.879951981,0.897277228,0.893939394,0.870348139,0.878787879,0.835664336,1,1,1,0.835664336,0.588235294,1,0.233084461
0,0.115384615,0.75,0.879951981,0.897277228,0.893939394,0.870348139,0.878787879,0.835664336,1,1,1,0.835664336,0.588235294,1,0.233084461
0,0.115384615,0.75,0.879951981,0.897277228,0.893939394,0.870348139,0.878787879,0.835664336,1,1,1,0.835664336,0.588235294,1,0.233084461
0,0.115384615,0.75,0.879951981,0.897277228,0.893939394,0.870348139,0.878787879,0.835664336,1,1,1,0.835664336,0.588235294,1,0.233084461
0,0.115384615,0.75,0.879951981,0.897277228,0.893939394,0.870348139,0.878787879,0.835664336,1,1,1,0.835664336,0.588235294,1,0.233084461
0,0.115384615,0.75,0.879951981,0.897277228,0.893939394,0.870348139,0.878787879,0.835664336,1,1,1,0.835664336,0.588235294,1,0.233084461
0,0.115384615,0.75,0.879951981,0.897277228,0.893939394,0.870348139,0.878787879,0.835664336,1,1,1,0.835664336,0.588235294,1,0.233084461
0,0.115384615,0.75,0.879951981,0.897277228,0.893939394,0.870348139,0.878787879,0.835664336,1,1,1,0.835664336,0.588235294,1,0.233084461
0,0.115384615,0.75,0.879951981,0.897277228,0.893939394,0.870348139,0.878787879,0.835664336,1,1,1,0.835664336,0.588235294,1,0.233084461
0,0.115384615,0.75,0.879951981,0.897277228,0.893939394,0.870348139,0.878787879,0.835664336,1,1,1,0.835664336,0.588235294,1,0.233084461
0,0.115384615,0.75,0.879951981,0.897277228,0.893939394,0.870348139,0.878787879,0.835664336,1,1,1,0.835664336,0.588235294,1,0.233084461
0,0.115384615,0.75,0.879951981,0.897277228,0.893939394,0.870348139,0.878787879,0.835664336,1,1,1,0.835664336,0.588235294,1,0.233084461
0,0.115384615,0.75,0.879951981,0.897277228,0.893939394,0.870348139,0.878787879,0.835664336,1,1,1,0.835664336,0.588235294,1,0.233084461
0,0.115384615,0.75,0.879951981,0.897277228,0.893939394,0.870348139,0.878787879,0.835664336,1,1,1,0.835664336,0.588235294,1,0.233084461
0,0.115384615,0.75,0.879951981,0.897277228,0.893939394,0.870348139,0.878787879,0.835664336,1,1,1,0.835664336,0.588235294,1,0.233084461
0,0.115384615,0.75,0.879951981,0.897277228,0.893939394,0.870348139,0.878787879,0.835664336,1,1,1,0.835664336,0.588235294,1,0.233084461
0,0.115384615,0.75,0.879951981,0.897277228,0.893939394,0.870348139,0.878787879,0.835664336,1,1,1,0.835664336,0.588235294,1,0.233084461
0,0.115384615,0.75,0.879951981,0.897277228,0.893939394,0.870348139,0.878787879,0.835664336,1,1,1,0.835664336,0.588235294,1,0.233084461
0,0.115384615,0.75,0.879951981,0.897277228,0.893939394,0.870348139,0.878787879,0.835664336,1,1,1,0.835664336,0.588235294,1,0.233084461
0,0.115384615,0.75,0.879951981,0.897277228,0.893939394,0.870348139,0.878787879,0.835664336,1,1,1,0.835664336,0.588235294,1,0.233084461
0,0.115384615,0.75,0.879951981,0.897277228,0.893939394,0.870348139,0.878787879,0.835664336,1,1,1,0.835664336,0.588235294,1,0.233084461
0,0.115384615,0.75,0.879951981,0.897277228,0.893939394,0.870348139,0.878787879,0.835664336,1,1,1,0.835664336,0.588235294,1,0.233084461
0,0.115384615,0.75,0.879951981,0.897277228,0.893939394,0.870348139,0.878787879,0.835664336,1,1,1,0.835664336,0.588235294,1,0.233084461
0,0.115384615,0.75,0.879951981,0.897277228,0.893939394,0.870348139,0.878787879,0.835664336,1,1,1,0.835664336,0.588235294,1,0.233084461
0,0.115384615,0.75,0.879951981,0.897277228,0.893939394,0.870348139,0.878787879,0.835664336,1,1,1,0.835664336,0.588235294,1,0.233084461
0,0.115384615,0.75,0.879951981,0.897277228,0.90530303,0.870348139,0.878787879,0.835664336,1,1,1,0.835664336,0.588235294,1,0.237750817
0,0.115384615,0.75,0.879951981,0.897277228,0.90530303,0.870348139,0.878787879,0.835664336,1,1,1,0.835664336,0.588235294,1,0.238217452
0,0.115384615,0.75,0.879951981,0.897277228,0.90530303,0.870348139,0.878787879,0.835664336,1,1,1,0.835664336,0.588235294,1,0.242067196
0,0.115384615,0.75,0.879951981,0.897277228,0.90530303,0.870348139,0.878787879,0.835664336,1,1,1,0.835664336,0.588235294,1,0.242417172
0,0.115384615,0.75,0.879951981,0.897277228,0.90530303,0.870348139,0.878787879,0.844988345,1,1,1,0.835664336,0.588235294,1,0.242417172
0,0.115384615,0.75,0.879951981,0.897277228,0.90530303,0.870348139,0.878787879,0.844988345,1,1,1,0.835664336,0.588235294,1,0.242417172
0,0.115384615,1,0.879951981,0.897277228,0.90530303,0.870348139,0.878787879,0.844988345,1,1,1,0.835664336,0.588235294,1,0.242417172
0,0.115384615,1,0.879951981,0.897277228,0.90530303,0.870348139,0.878787879,0.844988345,1,1,1,0.835664336,0.588235294,1,0.24475035
0,0.115384615,1,0.879951981,0.897277228,0.90530303,0.870348139,0.878787879,0.844988345,1,1,1,0.835664336,0.588235294,1,0.24475035
0,0.115384615,1,0.879951981,0.897277228,0.90530303,0.870348139,0.878787879,0.844988345,1,1,1,0.835664336,0.588235294,1,0.24475035
0,0.115384615,1,0.879951981,0.897277228,0.90530303,0.879951981,0.878787879,0.844988345,1,1,1,0.835664336,0.588235294,1,0.24475035
0,0.115384615,1,0.879951981,0.897277228,0.90530303,0.879951981,0.878787879,0.844988345,1,1,1,0.835664336,0.588235294,1,0.24475035
0,0.115384615,1,0.879951981,0.897277228,0.90530303,0.879951981,0.878787879,0.844988345,1,1,1,0.835664336,0.588235294,1,0.24475035
0,0.115384615,1,0.879951981,0.897277228,0.90530303,0.879951981,0.878787879,0.844988345,1,1,1,0.835664336,0.588235294,1,0.24475035
0,0.115384615,1,0.879951981,0.897277228,0.90530303,0.879951981,0.878787879,0.844988345,1,1,1,0.835664336,0.588235294,1,0.24475035
0,0.115384615,1,0.879951981,0.897277228,0.90530303,0.879951981,0.878787879,0.844988345,1,1,1,0.835664336,0.588235294,1,0.24685021
0,0.115384615,1,0.879951981,0.897277228,0.90530303,0.879951981,0.878787879,0.844988345,1,1,1,0.835664336,0.588235294,1,0.253849743
0,0.115384615,1,0.879951981,0.897277228,0.90530303,0.879951981,0.878787879,0.844988345,1,1,1,0.835664336,0.588235294,1,0.25524965
0,0.115384615,1,0.879951981,0.897277228,0.90530303,0.879951981,0.888484848,0.844988345,1,1,1,0.835664336,0.588235294,1,0.256416239
0,0.115384615,1,0.879951981,0.907178218,0.90530303,0.879951981,0.888484848,0.844988345,1,1,1,0.844988345,0.588235294,1,0.256416239
0,0.115384615,1,0.879951981,0.907178218,0.90530303,0.879951981,0.888484848,0.844988345,1,1,1,0.844988345,0.588235294,1,0.256416239
0,0.115384615,1,0.879951981,0.907178218,0.90530303,0.879951981,0.888484848,0.844988345,1,1,1,0.844988345,0.588235294,1,0.256416239
0,0.115384615,1,0.879951981,0.907178218,0.90530303,0.879951981,0.888484848,0.844988345,1,1,1,0.844988345,0.588235294,1,0.256416239
0,0.115384615,1,0.879951981,0.907178218,0.90530303,0.879951981,0.888484848,0.844988345,1,1,1,0.844988345,0.588235294,1,0.256416239
0,0.115384615,1,0.879951981,0.907178218,0.90530303,0.879951981,0.888484848,0.844988345,1,1,1,0.844988345,0.588235294,1,0.256416239
0,0.115384615,1,0.879951981,0.907178218,0.90530303,0.879951981,0.888484848,0.844988345,1,1,1,0.844988345,0.588235294,1,0.256416239
0,0.115384615,1,0.879951981,0.907178218,0.90530303,0.879951981,0.888484848,0.844988345,1,1,1,0.844988345,0.588235294,1,0.256416239
0,0.115384615,1,0.879951981,0.907178218,0.90530303,0.879951981,0.888484848,0.844988345,1,1,1,0.844988345,0.588235294,1,0.256416239
0,0.115384615,1,0.879951981,0.907178218,0.90530303,0.879951981,0.888484848,0.844988345,1,1,1,0.844988345,0.588235294,1,0.256416239
0,0.115384615,1,0.879951981,0.907178218,0.90530303,0.879951981,0.888484848,0.844988345,1,1,1,0.844988345,0.588235294,1,0.256416239
0,0.115384615,1,0.879951981,0.907178218,0.90530303,0.879951981,0.888484848,0.844988345,1,1,1,0.844988345,0.588235294,1,0.256416239
0,0.115384615,1,0.879951981,0.907178218,0.90530303,0.879951981,0.888484848,0.844988345,1,1,1,0.844988345,0.588235294,1,0.256416239
0,0.115384615,1,0.879951981,0.907178218,0.90530303,0.879951981,0.888484848,0.844988345,1,1,1,0.844988345,0.588235294,1,0.256416239
0,0.115384615,1,0.879951981,0.907178218,0.90530303,0.879951981,0.888484848,0.844988345,1,1,1,0.844988345,0.588235294,1,0.256416239
0,0.115384615,1,0.879951981,0.907178218,0.90530303,0.879951981,0.888484848,0.844988345,1,1,1,0.844988345,0.588235294,1,0.256416239
0,0.115384615,1,0.879951981,0.907178218,0.90530303,0.879951981,0.888484848,0.844988345,1,1,1,0.844988345,0.588235294,1,0.256416239
0,0.115384615,1,0.879951981,0.907178218,0.90530303,0.879951981,0.888484848,0.844988345,1,1,1,0.844988345,0.588235294,1,0.256416239
0,0.115384615,1,0.879951981,0.907178218,0.90530303,0.879951981,0.888484848,0.844988345,1,1,1,0.844988345,0.588235294,1,0.256416239
0,0.115384615,1,0.879951981,0.907178218,0.90530303,0.879951981,0.888484848,0.844988345,1,1,1,0.844988345,0.588235294,1,0.256416239
0,0.115384615,1,0.879951981,0.907178218,0.90530303,0.879951981,0.888484848,0.844988345,1,1,1,0.844988345,0.588235294,1,0.256416239
0,0.115384615,1,0.879951981,0.907178218,0.90530303,0.879951981,0.888484848,0.844988345,1,1,1,0.844988345,0.588235294,1,0.256416239
0,0.115384615,1,0.879951981,0.907178218,0.90530303,0.879951981,0.888484848,0.844988345,1,1,1,0.844988345,0.588235294,1,0.256416239
0,0.115384615,1,0.879951981,0.907178218,0.90530303,0.879951981,0.888484848,0.844988345,1,1,1,0.844988345,0.588235294,1,0.256416239
0,0.115384615,1,0.890756303,0.907178218,0.90530303,0.879951981,0.888484848,0.844988345,1,1,1,0.844988345,0.588235294,1,0.256416239
0,0.115384615,1,0.890756303,0.907178218,0.90530303,0.879951981,0.888484848,0.844988345,1,1,1,0.844988345,0.588235294,1,0.256416239
0,0.115384615,1,0.890756303,0.907178218,0.90530303,0.879951981,0.888484848,0.844988345,1,1,1,0.844988345,0.588235294,1,0.256416239
0,0.115384615,1,0.890756303,0.907178218,0.90530303,0.879951981,0.888484848,0.844988345,1,1,1,0.844988345,0.588235294,1,0.256416239
0,0.115384615,1,0.890756303,0.907178218,0.90530303,0.879951981,0.888484848,0.844988345,1,1,1,0.844988345,0.647058824,1,0.256416239
0,0.115384615,1,0.890756303,0.907178218,0.90530303,0.879951981,0.888484848,0.844988345,1,1,1,0.844988345,0.647058824,1,0.256416239
0,0.115384615,1,0.890756303,0.907178218,0.90530303,0.879951981,0.888484848,0.844988345,1,1,1,0.844988345,0.647058824,1,0.256416239
0,0.115384615,1,0.890756303,0.907178218,0.90530303,0.879951981,0.888484848,0.844988345,1,1,1,0.844988345,0.647058824,1,0.256416239
0,0.115384615,1,0.890756303,0.907178218,0.90530303,0.879951981,0.888484848,0.844988345,1,1,1,0.844988345,0.647058824,1,0.256416239
0,0.115384615,1,0.890756303,0.907178218,0.90530303,0.879951981,0.888484848,0.844988345,1,1,1,0.844988345,0.647058824,1,0.256416239
0,0.115384615,1,0.890756303,0.907178218,0.90530303,0.879951981,0.888484848,0.844988345,1,1,1,0.844988345,0.647058824,1,0.256416239
0,0.115384615,1,0.890756303,0.907178218,0.90530303,0.879951981,0.888484848,0.844988345,1,1,1,0.844988345,0.647058824,1,0.256416239
0,0.115384615,1,0.890756303,0.907178218,0.90530303,0.879951981,0.888484848,0.844988345,1,1,1,0.844988345,0.647058824,1,0.256416239
0,0.115384615,1,0.890756303,0.907178218,0.90530303,0.879951981,0.888484848,0.854312354,1,1,1,0.844988345,0.647058824,1,0.256416239
0,0.115384615,1,0.890756303,0.907178218,0.90530303,0.879951981,0.888484848,0.854312354,1,1,1,0.844988345,0.647058824,1,0.256416239
0,0.115384615,1,0.890756303,0.907178218,0.90530303,0.879951981,0.888484848,0.854312354,1,1,1,0.844988345,0.647058824,1,0.256416239
0,0.115384615,1,0.890756303,0.907178218,0.90530303,0.879951981,0.888484848,0.854312354,1,1,1,0.844988345,0.647058824,1,0.256416239
0,0.115384615,1,0.890756303,0.907178218,0.90530303,0.879951981,0.888484848,0.854312354,1,1,1,0.844988345,0.647058824,1,0.263035371
0,0.115384615,1,0.890756303,0.907178218,0.90530303,0.879951981,0.888484848,0.854312354,1,1,1,0.844988345,0.647058824,1,0.26574895
0,0.115384615,1,0.890756303,0.907178218,0.90530303,0.879951981,0.888484848,0.854312354,1,1,1,0.844988345,0.647058824,1,0.266682221
0,0.115384615,1,0.890756303,0.907178218,0.90530303,0.879951981,0.888484848,0.854312354,1,1,1,0.844988345,0.647058824,1,0.268082128
0,0.115384615,1,0.890756303,0.907178218,0.90530303,0.879951981,0.888484848,0.854312354,1,1,1,0.844988345,0.647058824,1,0.268082128
0,0.115384615,1,0.890756303,0.907178218,0.90530303,0.879951981,0.888484848,0.854312354,1,1,1,0.844988345,0.647058824,1,0.268082128
0,0.115384615,1,0.890756303,0.907178218,0.90530303,0.879951981,0.888484848,0.854312354,1,1,1,0.844988345,0.647058824,1,0.268082128
0,0.115384615,1,0.890756303,0.907178218,0.90530303,0.879951981,0.888484848,0.854312354,1,1,1,0.844988345,0.647058824,1,0.272748483
0,0.115384615,1,0.890756303,0.907178218,0.90530303,0.879951981,0.888484848,0.854312354,1,1,1,0.844988345,0.647058824,1,0.272748483
0,0.115384615,1,0.890756303,0.907178218,0.90530303,0.879951981,0.888484848,0.854312354,1,1,1,0.844988345,0.647058824,1,0.272748483
0,0.153846154,1,0.890756303,0.907178218,0.91540404,0.879951981,0.888484848,0.854312354,1,1,1,0.844988345,0.647058824,1,0.272748483
0,0.192307692,1,0.890756303,0.907178218,0.91540404,0.879951981,0.888484848,0.854312354,1,1,1,0.844988345,0.647058824,1,0.272748483
0,0.192307692,1,0.890756303,0.907178218,0.91540404,0.879951981,0.888484848,0.854312354,1,1,1,0.844988345,0.647058824,1,0.275081661
0,0.230769231,1,0.890756303,0.907178218,0.91540404,0.879951981,0.888484848,0.854312354,1,1,1,0.844988345,0.647058824,1,0.276481568
0,0.230769231,1,0.890756303,0.907178218,0.91540404,0.879951981,0.888484848,0.854312354,1,1,1,0.844988345,0.647058824,1,0.279748017
0,0.230769231,1,0.890756303,0.907178218,0.91540404,0.879951981,0.888484848,0.854312354,1,1,1,0.844988345,0.647058824,1,0.279748017
0,0.230769231,1,0.890756303,0.907178218,0.91540404,0.879951981,0.888484848,0.854312354,1,1,1,0.844988345,0.647058824,1,0.279748017
0,0.230769231,1,0.890756303,0.907178218,0.91540404,0.879951981,0.888484848,0.854312354,1,1,1,0.844988345,0.647058824,1,0.279748017
0,0.230769231,1,0.890756303,0.907178218,0.91540404,0.879951981,0.888484848,0.854312354,1,1,1,0.844988345,0.647058824,1,0.279748017
0,0.230769231,1,0.890756303,0.907178218,0.91540404,0.879951981,0.888484848,0.854312354,1,1,1,0.844988345,0.647058824,1,0.279748017
0,0.269230769,1,0.890756303,0.907178218,0.91540404,0.879951981,0.888484848,0.854312354,1,1,1,0.844988345,0.647058824,1,0.279748017
0,0.269230769,1,0.890756303,0.907178218,0.91540404,0.879951981,0.888484848,0.854312354,1,1,1,0.844988345,0.647058824,1,0.279748017
0,0.269230769,1,0.890756303,0.907178218,0.91540404,0.879951981,0.888484848,0.854312354,1,1,1,0.844988345,0.647058824,1,0.279748017
0,0.269230769,1,0.890756303,0.907178218,0.91540404,0.879951981,0.888484848,0.854312354,1,1,1,0.844988345,0.647058824,1,0.279748017
0,0.269230769,1,0.890756303,0.907178218,0.91540404,0.879951981,0.888484848,0.854312354,1,1,1,0.844988345,0.647058824,1,0.279748017
0,0.269230769,1,0.890756303,0.907178218,0.91540404,0.879951981,0.888484848,0.854312354,1,1,1,0.844988345,0.647058824,1,0.279748017
0,0.269230769,1,0.890756303,0.907178218,0.91540404,0.879951981,0.888484848,0.854312354,1,1,1,0.854312354,0.647058824,1,0.279748017
0,0.269230769,1,0.890756303,0.907178218,0.91540404,0.879951981,0.888484848,0.854312354,1,1,1,0.854312354,0.647058824,1,0.279748017
0,0.269230769,1,0.890756303,0.907178218,0.91540404,0.879951981,0.888484848,0.854312354,1,1,1,0.854312354,0.647058824,1,0.279748017
0,0.269230769,1,0.890756303,0.907178218,0.91540404,0.879951981,0.888484848,0.854312354,1,1,1,0.854312354,0.647058824,1,0.279748017
0,0.269230769,1,0.890756303,0.907178218,0.91540404,0.890756303,0.888484848,0.854312354,1,1,1,0.854312354,0.647058824,1,0.279748017
0,0.269230769,1,0.890756303,0.907178218,0.91540404,0.890756303,0.888484848,0.854312354,1,1,1,0.854312354,0.647058824,1,0.279748017
0,0.269230769,1,0.890756303,0.907178218,0.91540404,0.890756303,0.888484848,0.854312354,1,1,1,0.854312354,0.647058824,1,0.279748017
0,0.269230769,1,0.890756303,0.907178218,0.91540404,0.890756303,0.888484848,0.854312354,1,1,1,0.854312354,0.647058824,1,0.279748017
0,0.269230769,1,0.890756303,0.907178218,0.91540404,0.890756303,0.888484848,0.854312354,1,1,1,0.854312354,0.647058824,1,0.279748017
0,0.269230769,1,0.890756303,0.907178218,0.91540404,0.890756303,0.888484848,0.854312354,1,1,1,0.854312354,0.647058824,1,0.279748017
0,0.269230769,1,0.890756303,0.907178218,0.91540404,0.890756303,0.888484848,0.854312354,1,1,1,0.854312354,0.647058824,1,0.279748017
0,0.269230769,1,0.890756303,0.907178218,0.91540404,0.890756303,0.888484848,0.854312354,1,1,1,0.854312354,0.647058824,1,0.279748017
0,0.269230769,1,0.890756303,0.907178218,0.91540404,0.890756303,0.888484848,0.854312354,1,1,1,0.854312354,0.647058824,1,0.279748017
0,0.269230769,1,0.890756303,0.907178218,0.91540404,0.890756303,0.888484848,0.854312354,1,1,1,0.854312354,0.647058824,1,0.279748017
0,0.269230769,1,0.890756303,0.907178218,0.91540404,0.890756303,0.888484848,0.854312354,1,1,1,0.854312354,0.647058824,1,0.279748017
0,0.269230769,1,0.890756303,0.918316832,0.91540404,0.890756303,0.888484848,0.854312354,1,1,1,0.854312354,0.647058824,1,0.279748017
0,0.269230769,1,0.890756303,0.918316832,0.91540404,0.890756303,0.888484848,0.854312354,1,1,1,0.854312354,0.647058824,1,0.279748017
0,0.269230769,1,0.890756303,0.918316832,0.91540404,0.890756303,0.888484848,0.854312354,1,1,1,0.854312354,0.647058824,1,0.279748017
0,0.269230769,1,0.890756303,0.918316832,0.91540404,0.890756303,0.888484848,0.854312354,1,1,1,0.854312354,0.647058824,1,0.279748017
0,0.269230769,1,0.890756303,0.918316832,0.91540404,0.890756303,0.888484848,0.854312354,1,1,1,0.854312354,0.647058824,1,0.279748017
0,0.269230769,1,0.890756303,0.918316832,0.91540404,0.890756303,0.888484848,0.854312354,1,1,1,0.854312354,0.647058824,1,0.279748017
0,0.269230769,1,0.890756303,0.918316832,0.91540404,0.890756303,0.888484848,0.854312354,1,1,1,0.854312354,0.647058824,1,0.279748017
0,0.269230769,1,0.890756303,0.918316832,0.91540404,0.890756303,0.888484848,0.854312354,1,1,1,0.854312354,0.647058824,1,0.279748017
0,0.269230769,1,0.890756303,0.918316832,0.91540404,0.890756303,0.888484848,0.854312354,1,1,1,0.854312354,0.647058824,1,0.279748017
0,0.269230769,1,0.890756303,0.918316832,0.91540404,0.890756303,0.888484848,0.854312354,1,1,1,0.854312354,0.647058824,1,0.279748017
0,0.269230769,1,0.890756303,0.918316832,0.91540404,0.890756303,0.888484848,0.854312354,1,1,1,0.854312354,0.647058824,1,0.279748017
0,0.269230769,1,0.890756303,0.918316832,0.91540404,0.890756303,0.888484848,0.854312354,1,1,1,0.854312354,0.647058824,1,0.279748017
0,0.269230769,1,0.890756303,0.918316832,0.91540404,0.890756303,0.888484848,0.854312354,1,1,1,0.854312354,0.647058824,1,0.279748017
0,0.269230769,1,0.890756303,0.918316832,0.91540404,0.890756303,0.888484848,0.854312354,1,1,1,0.854312354,0.647058824,1,0.279748017
0,0.269230769,1,0.890756303,0.918316832,0.91540404,0.890756303,0.888484848,0.854312354,1,1,1,0.854312354,0.647058824,1,0.279748017
0,0.269230769,1,0.890756303,0.918316832,0.91540404,0.890756303,0.888484848,0.854312354,1,1,1,0.854312354,0.647058824,1,0.282081195
0,0.269230769,1,0.890756303,0.918316832,0.91540404,0.890756303,0.888484848,0.854312354,1,1,1,0.854312354,0.647058824,1,0.28254783
0,0.307692308,1,0.890756303,0.918316832,0.91540404,0.890756303,0.888484848,0.854312354,1,1,1,0.854312354,0.647058824,1,0.284227718
0,0.307692308,1,0.890756303,0.918316832,0.91540404,0.890756303,0.888484848,0.854312354,1,1,1,0.854312354,0.647058824,1,0.284227718
0,0.346153846,1,0.890756303,0.918316832,0.91540404,0.890756303,0.888484848,0.854312354,1,1,1,0.854312354,0.647058824,1,0.284227718
0,0.384615385,1,0.890756303,0.918316832,0.91540404,0.890756303,0.899393939,0.854312354,1,1,1,0.854312354,0.647058824,1,0.284227718
0,0.461538462,1,0.890756303,0.918316832,0.91540404,0.890756303,0.899393939,0.854312354,1,1,1,0.854312354,0.647058824,1,0.284227718
0,0.461538462,1,0.890756303,0.918316832,0.91540404,0.890756303,0.899393939,0.854312354,1,1,1,0.854312354,0.647058824,1,0.284227718
0,0.461538462,1,0.890756303,0.918316832,0.91540404,0.890756303,0.899393939,0.854312354,1,1,1,0.854312354,0.647058824,1,0.284227718
0,0.461538462,1,0.890756303,0.918316832,0.91540404,0.890756303,0.899393939,0.854312354,1,1,1,0.854312354,0.647058824,1,0.284227718
0,0.461538462,1,0.900360144,0.918316832,0.91540404,0.890756303,0.899393939,0.854312354,1,1,1,0.854312354,0.647058824,1,0.284227718
0,0.461538462,1,0.900360144,0.918316832,0.91540404,0.890756303,0.899393939,0.854312354,1,1,1,0.854312354,0.647058824,1,0.284227718
0,0.461538462,1,0.900360144,0.918316832,0.91540404,0.890756303,0.899393939,0.854312354,1,1,1,0.854312354,0.647058824,1,0.284227718
0,0.461538462,1,0.900360144,0.918316832,0.91540404,0.890756303,0.899393939,0.864801865,1,1,1,0.854312354,0.647058824,1,0.284227718
0,0.461538462,1,0.900360144,0.918316832,0.91540404,0.890756303,0.899393939,0.864801865,1,1,1,0.854312354,0.647058824,1,0.284227718
0,0.461538462,1,0.900360144,0.918316832,0.91540404,0.890756303,0.899393939,0.864801865,1,1,1,0.854312354,0.647058824,1,0.284227718
0,0.461538462,1,0.900360144,0.918316832,0.91540404,0.890756303,0.899393939,0.864801865,1,1,1,0.854312354,0.647058824,1,0.284227718
0,0.461538462,1,0.900360144,0.918316832,0.91540404,0.890756303,0.899393939,0.864801865,1,1,1,0.854312354,0.647058824,1,0.284227718
0,0.461538462,1,0.900360144,0.918316832,0.91540404,0.890756303,0.899393939,0.864801865,1,1,1,0.854312354,0.647058824,1,0.284227718
0,0.461538462,1,0.900360144,0.918316832,0.91540404,0.890756303,0.899393939,0.864801865,1,1,1,0.854312354,0.647058824,1,0.284227718
0,0.461538462,1,0.900360144,0.918316832,0.91540404,0.890756303,0.899393939,0.864801865,1,1,1,0.854312354,0.647058824,1,0.284227718
0,0.461538462,1,0.900360144,0.918316832,0.91540404,0.890756303,0.899393939,0.864801865,1,1,1,0.854312354,0.647058824,1,0.284227718
0,0.461538462,1,0.900360144,0.918316832,0.91540404,0.890756303,0.899393939,0.864801865,1,1,1,0.854312354,0.647058824,1,0.284227718
0,0.461538462,1,0.900360144,0.918316832,0.91540404,0.890756303,0.899393939,0.864801865,1,1,1,0.854312354,0.647058824,1,0.284227718
0,0.461538462,1,0.900360144,0.918316832,0.91540404,0.890756303,0.899393939,0.864801865,1,1,1,0.854312354,0.647058824,1,0.284227718
0,0.461538462,1,0.900360144,0.918316832,0.91540404,0.890756303,0.899393939,0.864801865,1,1,1,0.854312354,0.647058824,1,0.286047597
0,0.461538462,1,0.900360144,0.918316832,0.91540404,0.890756303,0.899393939,0.864801865,1,1,1,0.854312354,0.647058824,1,0.289080728
0,0.461538462,1,0.900360144,0.918316832,0.91540404,0.890756303,0.899393939,0.864801865,1,1,1,0.854312354,0.647058824,1,0.29094727
0,0.461538462,1,0.900360144,0.918316832,0.91540404,0.890756303,0.899393939,0.864801865,1,1,1,0.854312354,0.647058824,1,0.29094727
0,0.461538462,1,0.900360144,0.918316832,0.91540404,0.890756303,0.899393939,0.864801865,1,1,1,0.854312354,0.647058824,1,0.291413906
0,0.461538462,1,0.900360144,0.918316832,0.91540404,0.890756303,0.899393939,0.864801865,1,1,1,0.854312354,0.647058824,1,0.291413906
0,0.461538462,1,0.900360144,0.918316832,0.91540404,0.890756303,0.899393939,0.864801865,1,1,1,0.854312354,0.647058824,1,0.291413906
0,0.461538462,1,0.900360144,0.918316832,0.91540404,0.890756303,0.899393939,0.864801865,1,1,1,0.854312354,0.647058824,1,0.291413906
0,0.538461538,1,0.900360144,0.918316832,0.91540404,0.890756303,0.899393939,0.864801865,1,1,1,0.854312354,0.647058824,1,0.291413906
0,0.538461538,1,0.900360144,0.918316832,0.91540404,0.890756303,0.899393939,0.864801865,1,1,1,0.854312354,0.647058824,1,0.291413906
0,0.538461538,1,0.900360144,0.918316832,0.91540404,0.890756303,0.899393939,0.864801865,1,1,1,0.854312354,0.647058824,1,0.291413906
0,0.538461538,1,0.900360144,0.918316832,0.91540404,0.890756303,0.899393939,0.864801865,1,1,1,0.854312354,0.647058824,1,0.291413906
0,0.538461538,1,0.900360144,0.918316832,0.91540404,0.890756303,0.899393939,0.864801865,1,1,1,0.854312354,0.647058824,1,0.291413906
0,0.538461538,1,0.900360144,0.918316832,0.91540404,0.890756303,0.899393939,0.864801865,1,1,1,0.854312354,0.647058824,1,0.291413906
0,0.576923077,1,0.900360144,0.918316832,0.925505051,0.890756303,0.899393939,0.864801865,1,1,1,0.854312354,0.647058824,1,0.291413906
0,0.576923077,1,0.900360144,0.918316832,0.925505051,0.890756303,0.899393939,0.864801865,1,1,1,0.854312354,0.647058824,1,0.291413906
0,0.576923077,1,0.900360144,0.918316832,0.925505051,0.890756303,0.899393939,0.864801865,1,1,1,0.854312354,0.647058824,1,0.291413906
0,0.576923077,1,0.900360144,0.918316832,0.925505051,0.890756303,0.899393939,0.864801865,1,1,1,0.854312354,0.647058824,1,0.291413906
0,0.576923077,1,0.900360144,0.918316832,0.925505051,0.890756303,0.899393939,0.864801865,1,1,1,0.854312354,0.647058824,1,0.291413906
0,0.576923077,1,0.900360144,0.918316832,0.925505051,0.890756303,0.899393939,0.864801865,1,1,1,0.854312354,0.647058824,1,0.291413906
0,0.576923077,1,0.900360144,0.918316832,0.925505051,0.890756303,0.899393939,0.864801865,1,1,1,0.854312354,0.647058824,1,0.291413906
0,0.576923077,1,0.900360144,0.918316832,0.925505051,0.890756303,0.899393939,0.864801865,1,1,1,0.854312354,0.647058824,1,0.291413906
0,0.576923077,1,0.900360144,0.918316832,0.925505051,0.890756303,0.899393939,0.864801865,1,1,1,0.854312354,0.647058824,1,0.291413906
0,0.576923077,1,0.900360144,0.918316832,0.925505051,0.890756303,0.899393939,0.864801865,1,1,1,0.864801865,0.647058824,1,0.291413906
0,0.576923077,1,0.900360144,0.918316832,0.925505051,0.890756303,0.899393939,0.864801865,1,1,1,0.864801865,0.647058824,1,0.291413906
0,0.576923077,1,0.900360144,0.918316832,0.925505051,0.890756303,0.899393939,0.864801865,1,1,1,0.864801865,0.647058824,1,0.291413906
0,0.615384615,1,0.900360144,0.918316832,0.925505051,0.890756303,0.899393939,0.864801865,1,1,1,0.864801865,0.647058824,1,0.291413906
0,0.653846154,1,0.900360144,0.918316832,0.925505051,0.890756303,0.899393939,0.864801865,1,1,1,0.864801865,0.647058824,1,0.291413906
0,0.653846154,1,0.900360144,0.918316832,0.925505051,0.890756303,0.899393939,0.864801865,1,1,1,0.864801865,0.647058824,1,0.291413906
0,0.653846154,1,0.900360144,0.918316832,0.925505051,0.890756303,0.899393939,0.864801865,1,1,1,0.864801865,0.647058824,1,0.291413906
0,0.653846154,1,0.900360144,0.918316832,0.925505051,0.890756303,0.899393939,0.864801865,1,1,1,0.864801865,0.647058824,1,0.291413906
0,0.692307692,1,0.900360144,0.918316832,0.925505051,0.890756303,0.899393939,0.864801865,1,1,1,0.864801865,0.647058824,1,0.291413906
0,0.692307692,1,0.900360144,0.918316832,0.925505051,0.890756303,0.899393939,0.864801865,1,1,1,0.864801865,0.647058824,1,0.291413906
0,0.730769231,1,0.900360144,0.918316832,0.925505051,0.890756303,0.899393939,0.864801865,1,1,1,0.864801865,0.647058824,1,0.291413906
0,0.730769231,1,0.900360144,0.918316832,0.925505051,0.890756303,0.899393939,0.864801865,1,1,1,0.864801865,0.647058824,1,0.291413906
0,0.730769231,1,0.900360144,0.918316832,0.925505051,0.890756303,0.899393939,0.864801865,1,1,1,0.864801865,0.647058824,1,0.291413906
0,0.730769231,1,0.900360144,0.918316832,0.925505051,0.890756303,0.899393939,0.864801865,1,1,1,0.864801865,0.647058824,1,0.293747084
0,0.730769231,1,0.900360144,0.918316832,0.925505051,0.890756303,0.899393939,0.864801865,1,1,1,0.864801865,0.647058824,1,0.293747084
0,0.730769231,1,0.900360144,0.918316832,0.925505051,0.890756303,0.899393939,0.864801865,1,1,1,0.864801865,0.647058824,1,0.293747084
0,0.730769231,1,0.900360144,0.918316832,0.925505051,0.890756303,0.899393939,0.864801865,1,1,1,0.864801865,0.647058824,1,0.293980401
0,0.730769231,1,0.900360144,0.918316832,0.925505051,0.890756303,0.899393939,0.864801865,1,1,1,0.864801865,0.647058824,1,0.295613626
0,0.730769231,1,0.900360144,0.918316832,0.925505051,0.900360144,0.899393939,0.864801865,1,1,1,0.864801865,0.647058824,1,0.298413439
0,0.730769231,1,0.900360144,0.918316832,0.925505051,0.900360144,0.899393939,0.864801865,1,1,1,0.864801865,0.647058824,1,0.29845077
0,0.730769231,1,0.900360144,0.918316832,0.925505051,0.900360144,0.899393939,0.864801865,1,1,1,0.864801865,0.647058824,1,0.302146524
0,0.730769231,1,0.900360144,0.918316832,0.925505051,0.900360144,0.899393939,0.864801865,1,1,1,0.864801865,0.647058824,1,0.302146524
0,0.730769231,1,0.900360144,0.928217822,0.925505051,0.900360144,0.899393939,0.864801865,1,1,1,0.864801865,0.647058824,1,0.303079795
0,0.769230769,1,0.900360144,0.928217822,0.925505051,0.900360144,0.899393939,0.864801865,1,1,1,0.864801865,0.647058824,1,0.303079795
0,0.769230769,1,0.900360144,0.928217822,0.925505051,0.900360144,0.899393939,0.864801865,1,1,1,0.864801865,0.647058824,1,0.303079795
0,0.769230769,1,0.900360144,0.928217822,0.925505051,0.900360144,0.899393939,0.864801865,1,1,1,0.864801865,0.647058824,1,0.303079795
0,0.769230769,1,0.900360144,0.928217822,0.925505051,0.900360144,0.899393939,0.864801865,1,1,1,0.864801865,0.647058824,1,0.303079795
0,0.769230769,1,0.900360144,0.928217822,0.925505051,0.900360144,0.899393939,0.864801865,1,1,1,0.864801865,0.647058824,1,0.303079795
0,0.769230769,1,0.900360144,0.928217822,0.925505051,0.900360144,0.899393939,0.864801865,1,1,1,0.864801865,0.647058824,1,0.303079795
0,0.769230769,1,0.900360144,0.928217822,0.925505051,0.900360144,0.899393939,0.864801865,1,1,1,0.864801865,0.647058824,1,0.303079795
0,0.769230769,1,0.900360144,0.928217822,0.925505051,0.900360144,0.899393939,0.864801865,1,1,1,0.864801865,0.647058824,1,0.303079795
0,0.769230769,1,0.900360144,0.928217822,0.925505051,0.900360144,0.899393939,0.864801865,1,1,1,0.864801865,0.647058824,1,0.303079795
0,0.769230769,1,0.900360144,0.928217822,0.925505051,0.900360144,0.899393939,0.864801865,1,1,1,0.864801865,0.647058824,1,0.303079795
0,0.769230769,1,0.900360144,0.928217822,0.925505051,0.900360144,0.899393939,0.864801865,1,1,1,0.864801865,0.647058824,1,0.303079795
0,0.769230769,1,0.900360144,0.928217822,0.925505051,0.900360144,0.899393939,0.864801865,1,1,1,0.864801865,0.647058824,1,0.303079795
0,0.769230769,1,0.900360144,0.928217822,0.925505051,0.900360144,0.899393939,0.864801865,1,1,1,0.864801865,0.647058824,1,0.303079795
0,0.769230769,1,0.900360144,0.928217822,0.925505051,0.900360144,0.899393939,0.864801865,1,1,1,0.864801865,0.647058824,1,0.303079795
0,0.807692308,1,0.900360144,0.928217822,0.925505051,0.900360144,0.899393939,0.864801865,1,1,1,0.864801865,0.647058824,1,0.303079795
0,0.807692308,1,0.900360144,0.928217822,0.925505051,0.900360144,0.899393939,0.864801865,1,1,1,0.864801865,0.647058824,1,0.303079795
0,0.807692308,1,0.900360144,0.928217822,0.925505051,0.900360144,0.899393939,0.864801865,1,1,1,0.864801865,0.647058824,1,0.303079795
0,0.807692308,1,0.900360144,0.928217822,0.925505051,0.900360144,0.899393939,0.864801865,1,1,1,0.864801865,0.647058824,1,0.303079795
0,0.807692308,1,0.900360144,0.928217822,0.925505051,0.900360144,0.899393939,0.864801865,1,1,1,0.864801865,0.647058824,1,0.303079795
0,0.846153846,1,0.900360144,0.928217822,0.925505051,0.900360144,0.899393939,0.864801865,1,1,1,0.864801865,0.647058824,1,0.303079795
0,0.884615385,1,0.900360144,0.928217822,0.925505051,0.900360144,0.899393939,0.864801865,1,1,1,0.864801865,0.647058824,1,0.303079795
0,0.884615385,1,0.900360144,0.928217822,0.925505051,0.900360144,0.899393939,0.864801865,1,1,1,0.864801865,0.647058824,1,0.303079795
0,0.923076923,1,0.900360144,0.928217822,0.925505051,0.900360144,0.899393939,0.864801865,1,1,1,0.864801865,0.647058824,1,0.303079795
0,0.961538462,1,0.900360144,0.928217822,0.925505051,0.900360144,0.899393939,0.864801865,1,1,1,0.864801865,0.647058824,1,0.303079795
0,0.961538462,1,0.900360144,0.928217822,0.925505051,0.900360144,0.899393939,0.864801865,1,1,1,0.864801865,0.647058824,1,0.303079795
0,0.961538462,1,0.900360144,0.928217822,0.925505051,0.900360144,0.899393939,0.864801865,1,1,1,0.864801865,0.647058824,1,0.303079795
0,0.961538462,1,0.900360144,0.928217822,0.925505051,0.900360144,0.899393939,0.864801865,1,1,1,0.864801865,0.647058824,1,0.303079795
0,0.961538462,1,0.900360144,0.928217822,0.925505051,0.900360144,0.899393939,0.864801865,1,1,1,0.864801865,0.647058824,1,0.303079795
0,0.961538462,1,0.900360144,0.928217822,0.925505051,0.900360144,0.899393939,0.864801865,1,1,1,0.864801865,0.647058824,1,0.303079795
0,0.961538462,1,0.900360144,0.928217822,0.925505051,0.900360144,0.909090909,0.864801865,1,1,1,0.864801865,0.647058824,1,0.303079795
0,0.961538462,1,0.900360144,0.928217822,0.925505051,0.900360144,0.909090909,0.864801865,1,1,1,0.864801865,0.647058824,1,0.303079795
0,0.961538462,1,0.900360144,0.928217822,0.925505051,0.900360144,0.909090909,0.864801865,1,1,1,0.864801865,0.647058824,1,0.305562296
0,0.961538462,1,0.900360144,0.928217822,0.925505051,0.900360144,0.909090909,0.864801865,1,1,1,0.864801865,0.647058824,1,0.305562296
0,0.961538462,1,0.900360144,0.928217822,0.925505051,0.900360144,0.909090909,0.864801865,1,1,1,0.864801865,0.647058824,1,0.305562296
0,0.961538462,1,0.900360144,0.928217822,0.925505051,0.900360144,0.909090909,0.864801865,1,1,1,0.864801865,0.647058824,1,0.305562296
0,0.961538462,1,0.900360144,0.928217822,0.925505051,0.900360144,0.909090909,0.864801865,1,1,1,0.864801865,0.647058824,1,0.305562296
0,0.961538462,1,0.900360144,0.928217822,0.925505051,0.900360144,0.909090909,0.874125874,1,1,1,0.864801865,0.647058824,1,0.305562296
0,0.961538462,1,0.900360144,0.928217822,0.925505051,0.900360144,0.909090909,0.874125874,1,1,1,0.864801865,0.647058824,1,0.305562296
0,0.961538462,1,0.900360144,0.928217822,0.925505051,0.900360144,0.909090909,0.874125874,1,1,1,0.864801865,0.647058824,1,0.305562296
0,0.961538462,1,0.900360144,0.928217822,0.925505051,0.900360144,0.909090909,0.874125874,1,1,1,0.864801865,0.647058824,1,0.305562296
0,0.961538462,1,0.900360144,0.928217822,0.925505051,0.900360144,0.909090909,0.874125874,1,1,1,0.864801865,0.647058824,1,0.305562296
0,0.961538462,1,0.900360144,0.928217822,0.925505051,0.900360144,0.909090909,0.874125874,1,1,1,0.864801865,0.647058824,1,0.305562296
0,0.961538462,1,0.900360144,0.928217822,0.925505051,0.900360144,0.909090909,0.874125874,1,1,1,0.864801865,0.647058824,1,0.305562296
0,0.961538462,1,0.900360144,0.928217822,0.925505051,0.900360144,0.909090909,0.874125874,1,1,1,0.864801865,0.647058824,1,0.305562296
0,0.961538462,1,0.900360144,0.928217822,0.925505051,0.900360144,0.909090909,0.874125874,1,1,1,0.864801865,0.647058824,1,0.305562296
0,0.961538462,1,0.900360144,0.928217822,0.925505051,0.900360144,0.909090909,0.874125874,1,1,1,0.864801865,0.647058824,1,0.305562296
0,0.961538462,1,0.900360144,0.928217822,0.925505051,0.900360144,0.909090909,0.874125874,1,1,1,0.864801865,0.647058824,1,0.305562296
0,0.961538462,1,0.900360144,0.928217822,0.925505051,0.900360144,0.909090909,0.874125874,1,1,1,0.864801865,0.647058824,1,0.305562296
0,0.961538462,1,0.900360144,0.928217822,0.925505051,0.900360144,0.909090909,0.874125874,1,1,1,0.864801865,0.647058824,1,0.305562296
0,0.961538462,1,0.900360144,0.928217822,0.925505051,0.900360144,0.909090909,0.874125874,1,1,1,0.864801865,0.647058824,1,0.305562296
0,0.961538462,1,0.900360144,0.928217822,0.925505051,0.900360144,0.909090909,0.874125874,1,1,1,0.864801865,0.647058824,1,0.305562296
0,0.961538462,1,0.900360144,0.928217822,0.925505051,0.900360144,0.909090909,0.874125874,1,1,1,0.864801865,0.647058824,1,0.305562296
0,0.961538462,1,0.900360144,0.928217822,0.925505051,0.900360144,0.909090909,0.874125874,1,1,1,0.864801865,0.647058824,1,0.305562296
0,0.961538462,1,0.900360144,0.928217822,0.925505051,0.900360144,0.909090909,0.874125874,1,1,1,0.864801865,0.647058824,1,0.30774615
0,0.961538462,1,0.900360144,0.928217822,0.925505051,0.900360144,0.909090909,0.874125874,1,1,1,0.864801865,0.647058824,1,0.30774615
0,0.961538462,1,0.900360144,0.928217822,0.925505051,0.900360144,0.909090909,0.874125874,1,1,1,0.864801865,0.647058824,1,0.31194587
0,0.961538462,1,0.900360144,0.928217822,0.925505051,0.900360144,0.909090909,0.874125874,1,1,1,0.874125874,0.647058824,1,0.314745684
0,0.961538462,1,0.900360144,0.928217822,0.925505051,0.900360144,0.909090909,0.874125874,1,1,1,0.874125874,0.647058824,1,0.314745684
0,0.961538462,1,0.909963986,0.928217822,0.925505051,0.900360144,0.909090909,0.874125874,1,1,1,0.874125874,0.647058824,1,0.314745684
0,0.961538462,1,0.909963986,0.928217822,0.925505051,0.900360144,0.909090909,0.874125874,1,1,1,0.874125874,0.647058824,1,0.314745684
0,0.961538462,1,0.909963986,0.928217822,0.925505051,0.900360144,0.909090909,0.874125874,1,1,1,0.874125874,0.647058824,1,0.314745684
0,0.961538462,1,0.909963986,0.928217822,0.925505051,0.900360144,0.909090909,0.874125874,1,1,1,0.874125874,0.647058824,1,0.314745684
0,0.961538462,1,0.909963986,0.928217822,0.925505051,0.900360144,0.909090909,0.874125874,1,1,1,0.874125874,0.647058824,1,0.314745684
0,0.961538462,1,0.909963986,0.928217822,0.925505051,0.900360144,0.909090909,0.874125874,1,1,1,0.874125874,0.647058824,1,0.314745684
0,0.961538462,1,0.909963986,0.928217822,0.925505051,0.900360144,0.909090909,0.874125874,1,1,1,0.874125874,0.647058824,1,0.314745684
0,0.961538462,1,0.909963986,0.928217822,0.925505051,0.900360144,0.909090909,0.874125874,1,1,1,0.874125874,0.647058824,1,0.314745684
0,0.961538462,1,0.909963986,0.928217822,0.925505051,0.900360144,0.909090909,0.874125874,1,1,1,0.874125874,0.647058824,1,0.314745684
0,0.961538462,1,0.909963986,0.928217822,0.925505051,0.900360144,0.909090909,0.874125874,1,1,1,0.874125874,0.647058824,1,0.314745684
0,0.961538462,1,0.909963986,0.928217822,0.925505051,0.900360144,0.909090909,0.874125874,1,1,1,0.874125874,0.647058824,1,0.314745684
0,0.961538462,1,0.909963986,0.928217822,0.925505051,0.900360144,0.909090909,0.874125874,1,1,1,0.874125874,0.647058824,1,0.314745684
0,0.961538462,1,0.909963986,0.928217822,0.925505051,0.900360144,0.909090909,0.874125874,1,1,1,0.874125874,0.647058824,1,0.314745684
0,0.961538462,1,0.909963986,0.928217822,0.925505051,0.900360144,0.909090909,0.874125874,1,1,1,0.874125874,0.647058824,1,0.314745684
0,0.961538462,1,0.909963986,0.928217822,0.925505051,0.900360144,0.909090909,0.874125874,1,1,1,0.874125874,0.647058824,1,0.314745684
0,0.961538462,1,0.909963986,0.928217822,0.936868687,0.900360144,0.909090909,0.874125874,1,1,1,0.874125874,0.647058824,1,0.314745684
0,0.961538462,1,0.909963986,0.928217822,0.936868687,0.900360144,0.909090909,0.874125874,1,1,1,0.874125874,0.647058824,1,0.318712086
0,0.961538462,1,0.909963986,0.928217822,0.936868687,0.900360144,0.909090909,0.874125874,1,1,1,0.874125874,0.647058824,1,0.319785348
0,0.961538462,1,0.909963986,0.928217822,0.936868687,0.900360144,0.909090909,0.874125874,1,1,1,0.874125874,0.647058824,1,0.319785348
0,0.961538462,1,0.909963986,0.928217822,0.936868687,0.900360144,0.909090909,0.874125874,1,1,1,0.874125874,0.647058824,1,0.319785348
0,0.961538462,1,0.909963986,0.928217822,0.936868687,0.900360144,0.909090909,0.874125874,1,1,1,0.874125874,0.647058824,1,0.322629958
0,0.961538462,1,0.909963986,0.928217822,0.936868687,0.900360144,0.909090909,0.874125874,1,1,1,0.874125874,0.647058824,1,0.324265609
0,0.961538462,1,0.909963986,0.928217822,0.936868687,0.900360144,0.909090909,0.874125874,1,1,1,0.874125874,0.647058824,1,0.325478301
0,0.961538462,1,0.909963986,0.928217822,0.936868687,0.900360144,0.909090909,0.874125874,1,1,1,0.874125874,0.647058824,1,0.326411573
0,0.961538462,1,0.909963986,0.928217822,0.936868687,0.900360144,0.909090909,0.874125874,1,1,1,0.874125874,0.647058824,1,0.326411573
0,0.961538462,1,0.909963986,0.928217822,0.936868687,0.900360144,0.909090909,0.874125874,1,1,1,0.874125874,0.647058824,1,0.326411573
0,0.961538462,1,0.909963986,0.928217822,0.936868687,0.900360144,0.909090909,0.874125874,1,1,1,0.874125874,0.647058824,1,0.326411573
0,0.961538462,1,0.909963986,0.928217822,0.936868687,0.900360144,0.909090909,0.874125874,1,1,1,0.874125874,0.647058824,1,0.326411573
0,0.961538462,1,0.909963986,0.928217822,0.936868687,0.900360144,0.909090909,0.874125874,1,1,1,0.874125874,0.647058824,1,0.326411573
0,0.961538462,1,0.909963986,0.928217822,0.936868687,0.900360144,0.909090909,0.874125874,1,1,1,0.874125874,0.705882353,1,0.326411573
0,0.961538462,1,0.909963986,0.928217822,0.936868687,0.900360144,0.909090909,0.874125874,1,1,1,0.874125874,0.705882353,1,0.326411573
0,0.961538462,1,0.909963986,0.928217822,0.936868687,0.900360144,0.909090909,0.874125874,1,1,1,0.874125874,0.705882353,1,0.326411573
0,0.961538462,1,0.909963986,0.928217822,0.936868687,0.900360144,0.909090909,0.874125874,1,1,1,0.874125874,0.705882353,1,0.326411573
0,0.961538462,1,0.909963986,0.928217822,0.936868687,0.900360144,0.909090909,0.874125874,1,1,1,0.874125874,0.705882353,1,0.326411573
0,0.961538462,1,0.909963986,0.928217822,0.936868687,0.900360144,0.909090909,0.874125874,1,1,1,0.874125874,0.705882353,1,0.326411573
0,0.961538462,1,0.909963986,0.928217822,0.936868687,0.900360144,0.909090909,0.874125874,1,1,1,0.874125874,0.705882353,1,0.326411573
0,0.961538462,1,0.909963986,0.928217822,0.936868687,0.900360144,0.909090909,0.874125874,1,1,1,0.874125874,0.705882353,1,0.326411573
0,0.961538462,1,0.909963986,0.928217822,0.936868687,0.900360144,0.909090909,0.874125874,1,1,1,0.874125874,0.705882353,1,0.326411573
0,0.961538462,1,0.909963986,0.928217822,0.936868687,0.900360144,0.909090909,0.874125874,1,1,1,0.874125874,0.705882353,1,0.326411573
0,0.961538462,1,0.909963986,0.928217822,0.936868687,0.900360144,0.909090909,0.874125874,1,1,1,0.874125874,0.705882353,1,0.326411573
0,0.961538462,1,0.909963986,0.928217822,0.936868687,0.900360144,0.909090909,0.874125874,1,1,1,0.874125874,0.705882353,1,0.326411573
0,0.961538462,1,0.909963986,0.928217822,0.936868687,0.900360144,0.909090909,0.874125874,1,1,1,0.874125874,0.705882353,1,0.326411573
0,0.961538462,1,0.909963986,0.928217822,0.936868687,0.900360144,0.909090909,0.874125874,1,1,1,0.874125874,0.705882353,1,0.326411573
0,0.961538462,1,0.909963986,0.928217822,0.936868687,0.900360144,0.909090909,0.874125874,1,1,1,0.874125874,0.705882353,1,0.326411573
0,0.961538462,1,0.909963986,0.928217822,0.936868687,0.900360144,0.909090909,0.874125874,1,1,1,0.874125874,0.705882353,1,0.326411573
0,0.961538462,1,0.909963986,0.928217822,0.936868687,0.900360144,0.909090909,0.874125874,1,1,1,0.874125874,0.705882353,1,0.326411573
0,0.961538462,1,0.909963986,0.928217822,0.936868687,0.900360144,0.909090909,0.874125874,1,1,1,0.874125874,0.705882353,1,0.326411573
0,0.961538462,1,0.909963986,0.928217822,0.936868687,0.900360144,0.909090909,0.874125874,1,1,1,0.874125874,0.705882353,1,0.326411573
0,0.961538462,1,0.909963986,0.928217822,0.936868687,0.900360144,0.909090909,0.874125874,1,1,1,0.874125874,0.705882353,1,0.326411573
0,0.961538462,1,0.909963986,0.928217822,0.936868687,0.900360144,0.909090909,0.874125874,1,1,1,0.874125874,0.705882353,1,0.326411573
0,0.961538462,1,0.909963986,0.928217822,0.936868687,0.900360144,0.909090909,0.874125874,1,1,1,0.874125874,0.705882353,1,0.326411573
0,0.961538462,1,0.909963986,0.928217822,0.936868687,0.900360144,0.909090909,0.874125874,1,1,1,0.874125874,0.705882353,1,0.326411573
0,0.961538462,1,0.909963986,0.928217822,0.936868687,0.900360144,0.909090909,0.874125874,1,1,1,0.874125874,0.705882353,1,0.326411573
0,0.961538462,1,0.909963986,0.928217822,0.936868687,0.900360144,0.909090909,0.874125874,1,1,1,0.874125874,0.705882353,1,0.326411573
0,0.961538462,1,0.909963986,0.928217822,0.936868687,0.900360144,0.909090909,0.874125874,1,1,1,0.874125874,0.705882353,1,0.326411573
0,0.961538462,1,0.909963986,0.928217822,0.936868687,0.900360144,0.909090909,0.874125874,1,1,1,0.874125874,0.705882353,1,0.326411573
0,0.961538462,1,0.909963986,0.928217822,0.936868687,0.900360144,0.909090909,0.874125874,1,1,1,0.874125874,0.705882353,1,0.326411573
0,0.961538462,1,0.909963986,0.928217822,0.936868687,0.900360144,0.909090909,0.874125874,1,1,1,0.874125874,0.705882353,1,0.326411573
0,0.961538462,1,0.909963986,0.928217822,0.936868687,0.900360144,0.909090909,0.874125874,1,1,1,0.874125874,0.705882353,1,0.326411573
0,0.961538462,1,0.909963986,0.928217822,0.936868687,0.900360144,0.909090909,0.874125874,1,1,1,0.874125874,0.705882353,1,0.326411573
0,0.961538462,1,0.909963986,0.928217822,0.936868687,0.900360144,0.909090909,0.874125874,1,1,1,0.874125874,0.705882353,1,0.326896874
0,0.961538462,1,0.909963986,0.928217822,0.936868687,0.909963986,0.909090909,0.874125874,1,1,1,0.874125874,0.705882353,1,0.326896874
0,0.961538462,1,0.909963986,0.938118812,0.936868687,0.909963986,0.909090909,0.874125874,1,1,1,0.874125874,0.705882353,1,0.326896874
0,0.961538462,1,0.909963986,0.938118812,0.936868687,0.909963986,0.909090909,0.874125874,1,1,1,0.874125874,0.705882353,1,0.330452636
0,0.961538462,1,0.909963986,0.938118812,0.936868687,0.909963986,0.909090909,0.874125874,1,1,1,0.874125874,0.705882353,1,0.331544564
0,0.961538462,1,0.909963986,0.938118812,0.936868687,0.909963986,0.909090909,0.874125874,1,1,1,0.874125874,0.705882353,1,0.332244517
0,0.961538462,1,0.909963986,0.938118812,0.936868687,0.909963986,0.909090909,0.874125874,1,1,1,0.874125874,0.705882353,1,0.336210919
0,0.961538462,1,0.909963986,0.938118812,0.936868687,0.909963986,0.909090909,0.874125874,1,1,1,0.874125874,0.705882353,1,0.338077462
0,0.961538462,1,0.909963986,0.938118812,0.936868687,0.909963986,0.909090909,0.874125874,1,1,1,0.874125874,0.705882353,1,0.338077462
0,0.961538462,1,0.909963986,0.938118812,0.936868687,0.909963986,0.909090909,0.874125874,1,1,1,0.874125874,0.705882353,1,0.338077462
0,0.961538462,1,0.909963986,0.938118812,0.936868687,0.909963986,0.909090909,0.874125874,1,1,1,0.874125874,0.705882353,1,0.338077462
0,0.961538462,1,0.909963986,0.938118812,0.936868687,0.909963986,0.909090909,0.874125874,1,1,1,0.874125874,0.705882353,1,0.338077462
0,0.961538462,1,0.909963986,0.938118812,0.936868687,0.909963986,0.909090909,0.874125874,1,1,1,0.874125874,0.705882353,1,0.338077462
0,0.961538462,1,0.909963986,0.938118812,0.936868687,0.909963986,0.909090909,0.874125874,1,1,1,0.874125874,0.705882353,1,0.338077462
0,0.961538462,1,0.909963986,0.938118812,0.936868687,0.909963986,0.909090909,0.874125874,1,1,1,0.874125874,0.705882353,1,0.338077462
0,0.961538462,1,0.909963986,0.938118812,0.936868687,0.909963986,0.909090909,0.874125874,1,1,1,0.874125874,0.705882353,1,0.338077462
0,0.961538462,1,0.909963986,0.938118812,0.936868687,0.909963986,0.909090909,0.874125874,1,1,1,0.874125874,0.705882353,1,0.338077462
0,0.961538462,1,0.909963986,0.938118812,0.936868687,0.909963986,0.909090909,0.874125874,1,1,1,0.874125874,0.705882353,1,0.338077462
0,0.961538462,1,0.909963986,0.938118812,0.936868687,0.909963986,0.909090909,0.874125874,1,1,1,0.874125874,0.705882353,1,0.338077462
0,0.961538462,1,0.909963986,0.938118812,0.936868687,0.909963986,0.909090909,0.874125874,1,1,1,0.874125874,0.705882353,1,0.338077462
0,0.961538462,1,0.909963986,0.938118812,0.936868687,0.909963986,0.909090909,0.874125874,1,1,1,0.874125874,0.705882353,1,0.338077462
0,0.961538462,1,0.909963986,0.938118812,0.936868687,0.909963986,0.909090909,0.874125874,1,1,1,0.874125874,0.705882353,1,0.338077462
0,0.961538462,1,0.909963986,0.938118812,0.936868687,0.909963986,0.909090909,0.874125874,1,1,1,0.874125874,0.705882353,1,0.338077462
0,0.961538462,1,0.909963986,0.938118812,0.936868687,0.909963986,0.909090909,0.874125874,1,1,1,0.874125874,0.705882353,1,0.338077462
0,0.961538462,1,0.909963986,0.938118812,0.936868687,0.909963986,0.909090909,0.874125874,1,1,1,0.874125874,0.705882353,1,0.338077462
0,0.961538462,1,0.909963986,0.938118812,0.936868687,0.909963986,0.909090909,0.874125874,1,1,1,0.874125874,0.705882353,1,0.338077462
0,0.961538462,1,0.909963986,0.938118812,0.936868687,0.909963986,0.909090909,0.874125874,1,1,1,0.874125874,0.705882353,1,0.338077462
0,0.961538462,1,0.909963986,0.938118812,0.936868687,0.909963986,0.909090909,0.874125874,1,1,1,0.874125874,0.705882353,1,0.338077462
0,0.961538462,1,0.909963986,0.938118812,0.936868687,0.909963986,0.909090909,0.874125874,1,1,1,0.874125874,0.705882353,1,0.338077462
0,0.961538462,1,0.909963986,0.938118812,0.936868687,0.909963986,0.909090909,0.874125874,1,1,1,0.874125874,0.705882353,1,0.338077462
0,0.961538462,1,0.909963986,0.938118812,0.936868687,0.909963986,0.909090909,0.874125874,1,1,1,0.874125874,0.705882353,1,0.339477368
0,0.961538462,1,0.909963986,0.938118812,0.936868687,0.909963986,0.909090909,0.874125874,1,1,1,0.874125874,0.705882353,1,0.34344377
0,0.961538462,1,0.909963986,0.938118812,0.936868687,0.909963986,0.909090909,0.874125874,1,1,1,0.874125874,0.705882353,1,0.345776948
0,0.961538462,1,0.909963986,0.938118812,0.936868687,0.909963986,0.909090909,0.874125874,1,1,1,0.874125874,0.705882353,1,0.346943537
0,0.961538462,1,0.909963986,0.938118812,0.936868687,0.909963986,0.909090909,0.874125874,1,1,1,0.874125874,0.705882353,1,0.346943537
0,0.961538462,1,0.909963986,0.938118812,0.936868687,0.909963986,0.909090909,0.874125874,1,1,1,0.874125874,0.705882353,1,0.34974335
0,0.961538462,1,0.909963986,0.938118812,0.936868687,0.909963986,0.909090909,0.874125874,1,1,1,0.874125874,0.705882353,1,0.34974335
0,0.961538462,1,0.909963986,0.938118812,0.936868687,0.909963986,0.909090909,0.874125874,1,1,1,0.874125874,0.705882353,1,0.34974335
0,0.961538462,1,0.909963986,0.938118812,0.936868687,0.909963986,0.909090909,0.874125874,1,1,1,0.874125874,0.705882353,1,0.34974335
0,0.961538462,1,0.909963986,0.938118812,0.936868687,0.909963986,0.909090909,0.874125874,1,1,1,0.874125874,0.705882353,1,0.34974335
0,0.961538462,1,0.909963986,0.938118812,0.936868687,0.909963986,0.909090909,0.874125874,1,1,1,0.874125874,0.705882353,1,0.34974335
0,0.961538462,1,0.920768307,0.938118812,0.936868687,0.909963986,0.909090909,0.874125874,1,1,1,0.883449883,0.705882353,1,0.34974335
0,0.961538462,1,0.920768307,0.938118812,0.936868687,0.909963986,0.909090909,0.874125874,1,1,1,0.883449883,0.705882353,1,0.34974335
0,0.961538462,1,0.920768307,0.938118812,0.936868687,0.909963986,0.909090909,0.874125874,1,1,1,0.883449883,0.705882353,1,0.34974335
0,0.961538462,1,0.920768307,0.938118812,0.936868687,0.909963986,0.909090909,0.874125874,1,1,1,0.883449883,0.705882353,1,0.34974335
0,0.961538462,1,0.920768307,0.938118812,0.936868687,0.909963986,0.909090909,0.874125874,1,1,1,0.883449883,0.705882353,1,0.34974335
0,0.961538462,1,0.920768307,0.938118812,0.936868687,0.909963986,0.909090909,0.874125874,1,1,1,0.883449883,0.705882353,1,0.34974335
0,0.961538462,1,0.920768307,0.938118812,0.946969697,0.909963986,0.918787879,0.874125874,1,1,1,0.883449883,0.705882353,1,0.34974335
0,0.961538462,1,0.920768307,0.938118812,0.946969697,0.909963986,0.918787879,0.874125874,1,1,1,0.883449883,0.705882353,1,0.34974335
0,0.961538462,1,0.920768307,0.938118812,0.946969697,0.909963986,0.918787879,0.874125874,1,1,1,0.883449883,0.705882353,1,0.34974335
0,0.961538462,1,0.920768307,0.938118812,0.946969697,0.909963986,0.918787879,0.874125874,1,1,1,0.883449883,0.705882353,1,0.34974335
0,0.961538462,1,0.920768307,0.938118812,0.946969697,0.909963986,0.918787879,0.874125874,1,1,1,0.883449883,0.705882353,1,0.34974335
0,0.961538462,1,0.920768307,0.938118812,0.946969697,0.909963986,0.918787879,0.874125874,1,1,1,0.883449883,0.705882353,1,0.34974335
0,0.961538462,1,0.920768307,0.938118812,0.946969697,0.909963986,0.918787879,0.874125874,1,1,1,0.883449883,0.705882353,1,0.34974335
0,0.961538462,1,0.920768307,0.938118812,0.946969697,0.909963986,0.918787879,0.874125874,1,1,1,0.883449883,0.705882353,1,0.34974335
0,0.961538462,1,0.920768307,0.938118812,0.946969697,0.909963986,0.918787879,0.874125874,1,1,1,0.883449883,0.705882353,1,0.34974335
0,0.961538462,1,0.920768307,0.938118812,0.946969697,0.909963986,0.918787879,0.883449883,1,1,1,0.883449883,0.705882353,1,0.34974335
0,0.961538462,1,0.920768307,0.938118812,0.946969697,0.909963986,0.918787879,0.883449883,1,1,1,0.883449883,0.705882353,1,0.34974335
0,0.961538462,1,0.920768307,0.938118812,0.946969697,0.909963986,0.918787879,0.883449883,1,1,1,0.883449883,0.705882353,1,0.34974335
0,0.961538462,1,0.920768307,0.938118812,0.946969697,0.909963986,0.918787879,0.883449883,1,1,1,0.883449883,0.705882353,1,0.34974335
0,0.961538462,1,0.920768307,0.938118812,0.946969697,0.909963986,0.918787879,0.883449883,1,1,1,0.883449883,0.705882353,1,0.34974335
0,0.961538462,1,0.920768307,0.938118812,0.946969697,0.909963986,0.918787879,0.883449883,1,1,1,0.883449883,0.705882353,1,0.34974335
0,0.961538462,1,0.920768307,0.938118812,0.946969697,0.909963986,0.918787879,0.883449883,1,1,1,0.883449883,0.705882353,1,0.34974335
0,0.961538462,1,0.920768307,0.938118812,0.946969697,0.909963986,0.918787879,0.883449883,1,1,1,0.883449883,0.705882353,1,0.34974335
0,0.961538462,1,0.920768307,0.938118812,0.946969697,0.909963986,0.918787879,0.883449883,1,1,1,0.883449883,0.705882353,1,0.34974335
0,0.961538462,1,0.920768307,0.938118812,0.946969697,0.909963986,0.918787879,0.883449883,1,1,1,0.883449883,0.705882353,1,0.34974335
0,0.961538462,1,0.920768307,0.938118812,0.946969697,0.909963986,0.918787879,0.883449883,1,1,1,0.883449883,0.705882353,1,0.34974335
0,1,1,0.920768307,0.938118812,0.946969697,0.909963986,0.918787879,0.883449883,1,1,1,0.883449883,0.705882353,1,0.355342977
0,1,1,0.920768307,0.938118812,0.946969697,0.909963986,0.918787879,0.883449883,1,1,1,0.883449883,0.705882353,1,0.355342977
0,1,1,0.920768307,0.938118812,0.946969697,0.909963986,0.918787879,0.883449883,1,1,1,0.883449883,0.705882353,1,0.355342977
0,1,1,0.920768307,0.938118812,0.946969697,0.909963986,0.918787879,0.883449883,1,1,1,0.883449883,0.705882353,1,0.355342977
0,1,1,0.920768307,0.938118812,0.946969697,0.909963986,0.918787879,0.883449883,1,1,1,0.883449883,0.705882353,1,0.355342977
0,1,1,0.920768307,0.938118812,0.946969697,0.909963986,0.918787879,0.883449883,1,1,1,0.883449883,0.705882353,1,0.355342977
0,1,1,0.920768307,0.938118812,0.946969697,0.909963986,0.918787879,0.883449883,1,1,1,0.883449883,0.705882353,1,0.355576295
0,1,1,0.920768307,0.938118812,0.946969697,0.909963986,0.918787879,0.883449883,1,1,1,0.883449883,0.705882353,1,0.361409239
0,1,1,0.920768307,0.938118812,0.946969697,0.909963986,0.918787879,0.883449883,1,1,1,0.883449883,0.705882353,1,0.361409239
0,1,1,0.920768307,0.938118812,0.946969697,0.909963986,0.918787879,0.883449883,1,1,1,0.883449883,0.705882353,1,0.361409239
0,1,1,0.920768307,0.938118812,0.946969697,0.909963986,0.918787879,0.883449883,1,1,1,0.883449883,0.705882353,1,0.361409239
0,1,1,0.920768307,0.938118812,0.946969697,0.909963986,0.918787879,0.883449883,1,1,1,0.883449883,0.705882353,1,0.361409239
0,1,1,0.920768307,0.938118812,0.946969697,0.909963986,0.918787879,0.883449883,1,1,1,0.883449883,0.705882353,1,0.361409239
0,1,1,0.920768307,0.938118812,0.946969697,0.909963986,0.918787879,0.883449883,1,1,1,0.883449883,0.705882353,1,0.361409239
0,1,1,0.920768307,0.938118812,0.946969697,0.909963986,0.918787879,0.883449883,1,1,1,0.883449883,0.705882353,1,0.361409239
0,1,1,0.920768307,0.938118812,0.946969697,0.909963986,0.918787879,0.883449883,1,1,1,0.883449883,0.705882353,1,0.361409239
0,1,1,0.920768307,0.938118812,0.946969697,0.909963986,0.918787879,0.883449883,1,1,1,0.883449883,0.705882353,1,0.361409239
0,1,1,0.920768307,0.938118812,0.946969697,0.909963986,0.918787879,0.883449883,1,1,1,0.883449883,0.705882353,1,0.361409239
0,1,1,0.920768307,0.938118812,0.946969697,0.909963986,0.918787879,0.883449883,1,1,1,0.883449883,0.705882353,1,0.361409239
0,1,1,0.920768307,0.938118812,0.946969697,0.909963986,0.918787879,0.883449883,1,1,1,0.883449883,0.705882353,1,0.361409239
0,1,1,0.920768307,0.938118812,0.946969697,0.909963986,0.918787879,0.883449883,1,1,1,0.883449883,0.705882353,1,0.361409239
0,1,1,0.920768307,0.938118812,0.946969697,0.909963986,0.918787879,0.883449883,1,1,1,0.883449883,0.705882353,1,0.361409239
0,1,1,0.920768307,0.938118812,0.946969697,0.909963986,0.918787879,0.883449883,1,1,1,0.883449883,0.705882353,1,0.361409239
0,1,1,0.920768307,0.938118812,0.946969697,0.909963986,0.918787879,0.883449883,1,1,1,0.883449883,0.705882353,1,0.361409239
0,1,1,0.920768307,0.938118812,0.946969697,0.909963986,0.918787879,0.883449883,1,1,1,0.883449883,0.705882353,1,0.361409239
0,1,1,0.920768307,0.938118812,0.946969697,0.909963986,0.918787879,0.883449883,1,1,1,0.883449883,0.705882353,1,0.361409239
0,0,1,0.920768307,0.938118812,0.946969697,0.909963986,0.918787879,0.883449883,1,1,1,0.883449883,0.705882353,1,0.361409239
0,0,1,0.920768307,0.938118812,0.946969697,0.909963986,0.918787879,0.883449883,1,1,1,0.883449883,0.705882353,1,0.361409239
0,0,1,0.920768307,0.938118812,0.946969697,0.909963986,0.918787879,0.883449883,1,1,1,0.883449883,0.705882353,1,0.361409239
0,0,1,0.920768307,0.938118812,0.946969697,0.920768307,0.918787879,0.883449883,1,1,1,0.883449883,0.705882353,1,0.361409239
0,0,1,0.920768307,0.938118812,0.946969697,0.920768307,0.918787879,0.883449883,1,1,1,0.883449883,0.705882353,1,0.362809146
0,0,1,0.920768307,0.938118812,0.946969697,0.920768307,0.918787879,0.883449883,1,1,1,0.883449883,0.705882353,1,0.363742417
0,0,1,0.920768307,0.938118812,0.946969697,0.920768307,0.918787879,0.883449883,1,1,1,0.883449883,0.705882353,1,0.368408773
0,0,1,0.920768307,0.938118812,0.946969697,0.920768307,0.918787879,0.883449883,1,1,1,0.883449883,0.705882353,1,0.372841811
0,0,1,0.920768307,0.938118812,0.946969697,0.920768307,0.918787879,0.883449883,1,1,1,0.883449883,0.705882353,1,0.373075128
0,0,1,0.920768307,0.938118812,0.946969697,0.920768307,0.918787879,0.883449883,1,1,1,0.883449883,0.705882353,1,0.373075128
0,0,1,0.920768307,0.938118812,0.946969697,0.920768307,0.918787879,0.883449883,1,1,1,0.883449883,0.705882353,1,0.373075128
0,0,1,0.920768307,0.938118812,0.946969697,0.920768307,0.918787879,0.883449883,1,1,1,0.883449883,0.705882353,1,0.373075128
0,0,1,0.920768307,0.949257426,0.946969697,0.920768307,0.918787879,0.883449883,1,1,1,0.883449883,0.705882353,1,0.373075128
0,0,1,0.920768307,0.949257426,0.946969697,0.920768307,0.918787879,0.883449883,1,1,1,0.883449883,0.705882353,1,0.373075128
0,0,1,0.920768307,0.949257426,0.946969697,0.920768307,0.918787879,0.883449883,1,1,1,0.883449883,0.705882353,1,0.373075128
0,0,1,0.920768307,0.949257426,0.946969697,0.920768307,0.918787879,0.883449883,1,1,1,0.883449883,0.705882353,1,0.373075128
0,0,1,0.920768307,0.949257426,0.946969697,0.920768307,0.918787879,0.883449883,1,1,1,0.883449883,0.705882353,1,0.373075128
0,0,1,0.920768307,0.949257426,0.946969697,0.920768307,0.918787879,0.883449883,1,1,1,0.883449883,0.705882353,1,0.373075128
0,0,1,0.920768307,0.949257426,0.946969697,0.920768307,0.918787879,0.883449883,1,1,1,0.883449883,0.705882353,1,0.373075128
0,0,1,0.920768307,0.949257426,0.946969697,0.920768307,0.918787879,0.883449883,1,1,1,0.883449883,0.705882353,1,0.373075128
0,0,1,0.920768307,0.949257426,0.946969697,0.920768307,0.918787879,0.883449883,1,1,1,0.883449883,0.705882353,1,0.373075128
0,0,1,0.920768307,0.949257426,0.946969697,0.920768307,0.918787879,0.883449883,1,1,1,0.883449883,0.705882353,1,0.373075128
0,0,1,0.920768307,0.949257426,0.946969697,0.920768307,0.918787879,0.883449883,1,1,1,0.883449883,0.705882353,1,0.373075128
0,0,1,0.920768307,0.949257426,0.946969697,0.920768307,0.918787879,0.883449883,1,1,1,0.883449883,0.705882353,1,0.373075128
0,0,1,0.920768307,0.949257426,0.946969697,0.920768307,0.918787879,0.883449883,1,1,1,0.883449883,0.705882353,1,0.373075128
0,0,1,0.920768307,0.949257426,0.946969697,0.920768307,0.92969697,0.883449883,1,1,1,0.883449883,0.705882353,1,0.373075128
0,0,1,0.920768307,0.949257426,0.946969697,0.920768307,0.92969697,0.883449883,1,1,1,0.883449883,0.705882353,1,0.373075128
0,0,1,0.920768307,0.949257426,0.946969697,0.920768307,0.92969697,0.883449883,1,1,1,0.883449883,0.705882353,1,0.373121792
0,0,1,0.920768307,0.949257426,0.946969697,0.920768307,0.92969697,0.883449883,1,1,1,0.883449883,0.705882353,1,0.378908073
0,0,1,0.920768307,0.949257426,0.946969697,0.920768307,0.92969697,0.883449883,1,1,1,0.883449883,0.705882353,1,0.378908073
0,0,1,0.920768307,0.949257426,0.946969697,0.920768307,0.92969697,0.883449883,1,1,1,0.883449883,0.705882353,1,0.382874475
0,0,1,0.920768307,0.949257426,0.946969697,0.920768307,0.92969697,0.883449883,1,1,1,0.883449883,0.705882353,1,0.383574428
0,0,1,0.920768307,0.949257426,0.946969697,0.920768307,0.92969697,0.883449883,1,1,1,0.883449883,0.705882353,1,0.384741017
0,0,1,0.920768307,0.949257426,0.946969697,0.920768307,0.92969697,0.883449883,1,1,1,0.883449883,0.705882353,1,0.384741017
0,0,1,0.920768307,0.949257426,0.946969697,0.920768307,0.92969697,0.883449883,1,1,1,0.883449883,0.705882353,1,0.384741017
0,0,1,0.920768307,0.949257426,0.946969697,0.920768307,0.92969697,0.883449883,1,1,1,0.883449883,0.705882353,1,0.384741017
0,0,1,0.920768307,0.949257426,0.946969697,0.920768307,0.92969697,0.883449883,1,1,1,0.883449883,0.705882353,1,0.384741017
0,0,1,0.920768307,0.949257426,0.946969697,0.920768307,0.92969697,0.883449883,1,1,1,0.893939394,0.705882353,1,0.384741017
0,0,1,0.920768307,0.949257426,0.946969697,0.920768307,0.92969697,0.893939394,1,1,1,0.893939394,0.705882353,1,0.384741017
0,0,1,0.920768307,0.949257426,0.946969697,0.920768307,0.92969697,0.893939394,1,1,1,0.893939394,0.705882353,1,0.384741017
0,0,1,0.920768307,0.949257426,0.946969697,0.920768307,0.92969697,0.893939394,1,1,1,0.893939394,0.705882353,1,0.384741017
0,0,1,0.920768307,0.949257426,0.946969697,0.920768307,0.92969697,0.893939394,1,1,1,0.893939394,0.705882353,1,0.384741017
0,0,1,0.920768307,0.949257426,0.946969697,0.920768307,0.92969697,0.893939394,1,1,1,0.893939394,0.705882353,1,0.384741017
0,0,1,0.920768307,0.949257426,0.946969697,0.920768307,0.92969697,0.893939394,1,1,1,0.893939394,0.705882353,1,0.384741017
0,0,1,0.920768307,0.949257426,0.946969697,0.920768307,0.92969697,0.893939394,1,1,1,0.893939394,0.705882353,1,0.385440971
0,0,1,0.920768307,0.949257426,0.946969697,0.920768307,0.92969697,0.893939394,1,1,1,0.893939394,0.705882353,1,0.390900607
0,0,1,0.920768307,0.949257426,0.946969697,0.920768307,0.92969697,0.893939394,1,1,1,0.893939394,0.705882353,1,0.391740551
0,0,1,0.920768307,0.949257426,0.946969697,0.920768307,0.92969697,0.893939394,1,1,1,0.893939394,0.705882353,1,0.396406906
0,0,1,0.920768307,0.949257426,0.946969697,0.920768307,0.92969697,0.893939394,1,1,1,0.893939394,0.705882353,1,0.396406906
0,0,1,0.920768307,0.949257426,0.946969697,0.920768307,0.92969697,0.893939394,1,1,1,0.893939394,0.705882353,1,0.396406906
0,0,1,0.920768307,0.949257426,0.946969697,0.920768307,0.92969697,0.893939394,1,1,1,0.893939394,0.705882353,1,0.396406906
0,0,1,0.920768307,0.949257426,0.957070707,0.920768307,0.92969697,0.893939394,1,1,1,0.893939394,0.705882353,1,0.396406906
0,0,1,0.920768307,0.949257426,0.957070707,0.920768307,0.92969697,0.893939394,1,1,1,0.893939394,0.705882353,1,0.396406906
0,0,1,0.930372149,0.949257426,0.957070707,0.920768307,0.92969697,0.893939394,1,1,1,0.893939394,0.705882353,1,0.396406906
0,0,1,0.930372149,0.949257426,0.957070707,0.920768307,0.92969697,0.893939394,1,1,1,0.893939394,0.705882353,1,0.396406906
0,0,1,0.930372149,0.949257426,0.957070707,0.920768307,0.92969697,0.893939394,1,1,1,0.893939394,0.705882353,1,0.396406906
0,0,1,0.930372149,0.949257426,0.957070707,0.920768307,0.92969697,0.893939394,1,1,1,0.893939394,0.705882353,1,0.396406906
0,0,1,0.930372149,0.949257426,0.957070707,0.920768307,0.92969697,0.893939394,1,1,1,0.893939394,0.705882353,1,0.396406906
0,0,1,0.930372149,0.949257426,0.957070707,0.920768307,0.92969697,0.893939394,1,1,1,0.893939394,0.705882353,1,0.396406906
0,0,1,0.930372149,0.949257426,0.957070707,0.920768307,0.92969697,0.893939394,1,1,1,0.893939394,0.705882353,1,0.396406906
0,0,1,0.930372149,0.949257426,0.957070707,0.920768307,0.92969697,0.893939394,1,1,1,0.893939394,0.705882353,1,0.396406906
0,0,1,0.930372149,0.949257426,0.957070707,0.920768307,0.92969697,0.893939394,1,1,1,0.893939394,0.705882353,1,0.396406906
0,0,1,0.930372149,0.949257426,0.957070707,0.920768307,0.92969697,0.893939394,1,1,1,0.893939394,0.705882353,1,0.396406906
0,0,1,0.930372149,0.949257426,0.957070707,0.920768307,0.92969697,0.893939394,1,1,1,0.893939394,0.705882353,1,0.396406906
0,0,1,0.930372149,0.949257426,0.957070707,0.920768307,0.92969697,0.893939394,1,1,1,0.893939394,0.705882353,1,0.396406906
0,0,1,0.930372149,0.949257426,0.957070707,0.920768307,0.92969697,0.893939394,1,1,1,0.893939394,0.705882353,1,0.396406906
0,0,1,0.930372149,0.949257426,0.957070707,0.920768307,0.92969697,0.893939394,1,1,1,0.893939394,0.705882353,1,0.396406906
0,0,1,0.930372149,0.949257426,0.957070707,0.920768307,0.92969697,0.893939394,1,1,1,0.893939394,0.764705882,1,0.398012133
0,0,1,0.930372149,0.949257426,0.957070707,0.920768307,0.92969697,0.893939394,1,1,1,0.893939394,0.764705882,1,0.398012133
0,0,1,0.930372149,0.949257426,0.957070707,0.920768307,0.92969697,0.893939394,1,1,1,0.893939394,0.764705882,1,0.406906206
0,0,1,0.930372149,0.949257426,0.957070707,0.920768307,0.92969697,0.893939394,1,1,1,0.893939394,0.764705882,1,0.408072795
0,0,1,0.930372149,0.949257426,0.957070707,0.920768307,0.92969697,0.893939394,1,1,1,0.893939394,0.764705882,1,0.408072795
0,0,1,0.930372149,0.949257426,0.957070707,0.920768307,0.92969697,0.893939394,1,1,1,0.893939394,0.764705882,1,0.408072795
0,0,1,0.930372149,0.949257426,0.957070707,0.920768307,0.92969697,0.893939394,1,1,1,0.893939394,0.764705882,1,0.408072795
0,0,1,0.930372149,0.949257426,0.957070707,0.920768307,0.92969697,0.893939394,1,1,1,0.893939394,0.764705882,1,0.408072795
0,0,1,0.930372149,0.949257426,0.957070707,0.920768307,0.92969697,0.893939394,1,1,1,0.893939394,0.764705882,1,0.408072795
0,0,1,0.930372149,0.949257426,0.957070707,0.920768307,0.92969697,0.893939394,1,1,1,0.893939394,0.764705882,1,0.408072795
0,0,1,0.930372149,0.949257426,0.957070707,0.920768307,0.92969697,0.893939394,1,1,1,0.893939394,0.764705882,1,0.408072795
0,0,1,0.930372149,0.949257426,0.957070707,0.920768307,0.92969697,0.893939394,1,1,1,0.893939394,0.764705882,1,0.408072795
0,0,1,0.930372149,0.949257426,0.957070707,0.920768307,0.92969697,0.893939394,1,1,1,0.893939394,0.764705882,1,0.408072795
0,0,1,0.930372149,0.949257426,0.957070707,0.920768307,0.92969697,0.893939394,1,1,1,0.893939394,0.764705882,1,0.408072795
0,0,1,0.930372149,0.949257426,0.957070707,0.920768307,0.92969697,0.893939394,1,1,1,0.893939394,0.764705882,1,0.408072795
0,0,1,0.930372149,0.949257426,0.957070707,0.920768307,0.92969697,0.893939394,1,1,1,0.893939394,0.764705882,1,0.408072795
0,0,1,0.930372149,0.949257426,0.957070707,0.920768307,0.92969697,0.893939394,1,1,1,0.893939394,0.764705882,1,0.408072795
0,0,1,0.930372149,0.949257426,0.957070707,0.920768307,0.92969697,0.893939394,1,1,1,0.893939394,0.764705882,1,0.408072795
0,0,1,0.930372149,0.949257426,0.957070707,0.930372149,0.92969697,0.893939394,1,1,1,0.893939394,0.764705882,1,0.408072795
0,0,1,0.930372149,0.949257426,0.957070707,0.930372149,0.92969697,0.893939394,1,1,1,0.893939394,0.764705882,1,0.408679421
0,0,1,0.930372149,0.949257426,0.957070707,0.930372149,0.939393939,0.893939394,1,1,1,0.893939394,0.764705882,1,0.408679421
0,0,1,0.930372149,0.949257426,0.957070707,0.930372149,0.939393939,0.893939394,1,1,1,0.893939394,0.764705882,1,0.409006066
0,0,1,0.930372149,0.959158416,0.957070707,0.930372149,0.939393939,0.893939394,1,1,1,0.893939394,0.764705882,1,0.41390574
0,0,1,0.930372149,0.959158416,0.957070707,0.930372149,0.939393939,0.893939394,1,1,1,0.893939394,0.764705882,1,0.41390574
0,0,1,0.930372149,0.959158416,0.957070707,0.930372149,0.939393939,0.893939394,1,1,1,0.893939394,0.764705882,1,0.41390574
0,0,1,0.930372149,0.959158416,0.957070707,0.930372149,0.939393939,0.893939394,1,1,1,0.893939394,0.764705882,1,0.41390574
0,0,1,0.930372149,0.959158416,0.957070707,0.930372149,0.939393939,0.893939394,1,1,1,0.893939394,0.764705882,1,0.41390574
0,0,1,0.930372149,0.959158416,0.957070707,0.930372149,0.939393939,0.903263403,1,1,1,0.893939394,0.764705882,1,0.41390574
0,0,1,0.930372149,0.959158416,0.957070707,0.930372149,0.939393939,0.903263403,1,1,1,0.893939394,0.764705882,1,0.41390574
0,0,1,0.930372149,0.959158416,0.957070707,0.930372149,0.939393939,0.903263403,1,1,1,0.893939394,0.764705882,1,0.41390574
0,0,1,0.930372149,0.959158416,0.957070707,0.930372149,0.939393939,0.903263403,1,1,1,0.893939394,0.764705882,1,0.41390574
0,0,1,0.930372149,0.959158416,0.957070707,0.930372149,0.939393939,0.903263403,1,1,1,0.903263403,0.764705882,1,0.41390574
0,0,1,0.930372149,0.959158416,0.968434343,0.930372149,0.939393939,0.903263403,1,1,1,0.903263403,0.764705882,1,0.41390574
0,0,1,0.930372149,0.959158416,0.968434343,0.930372149,0.939393939,0.903263403,1,1,1,0.903263403,0.764705882,1,0.41390574
0,0,1,0.930372149,0.959158416,0.968434343,0.930372149,0.939393939,0.903263403,1,1,1,0.903263403,0.764705882,1,0.41390574
0,0,1,0.930372149,0.959158416,0.968434343,0.930372149,0.939393939,0.903263403,1,1,1,0.903263403,0.764705882,1,0.41390574
0,0,1,0.930372149,0.959158416,0.968434343,0.930372149,0.939393939,0.903263403,1,1,1,0.903263403,0.764705882,1,0.41390574
0,0,1,0.930372149,0.959158416,0.968434343,0.930372149,0.939393939,0.903263403,1,1,1,0.903263403,0.764705882,1,0.41390574
0,0,1,0.93997599,0.959158416,0.968434343,0.930372149,0.939393939,0.903263403,1,1,1,0.903263403,0.764705882,1,0.41390574
0,0,1,0.93997599,0.959158416,0.968434343,0.930372149,0.939393939,0.903263403,1,1,1,0.903263403,0.764705882,1,0.419505366
0,0,1,0.93997599,0.959158416,0.968434343,0.930372149,0.939393939,0.903263403,1,1,1,0.903263403,0.764705882,1,0.419505366
0,0,1,0.93997599,0.959158416,0.968434343,0.930372149,0.939393939,0.903263403,1,1,1,0.903263403,0.764705882,1,0.419738684
0,0,1,0.93997599,0.959158416,0.968434343,0.930372149,0.939393939,0.903263403,1,1,1,0.903263403,0.764705882,1,0.419738684
0,0,1,0.93997599,0.959158416,0.968434343,0.930372149,0.939393939,0.903263403,1,1,1,0.903263403,0.764705882,1,0.419738684
0,0,1,0.93997599,0.959158416,0.968434343,0.930372149,0.939393939,0.903263403,1,1,1,0.903263403,0.764705882,1,0.419738684
0,0,1,0.93997599,0.959158416,0.968434343,0.930372149,0.939393939,0.903263403,1,1,1,0.903263403,0.764705882,1,0.419738684
0,0,1,0.93997599,0.959158416,0.968434343,0.930372149,0.939393939,0.903263403,1,1,1,0.903263403,0.764705882,1,0.419738684
0,0,1,0.93997599,0.959158416,0.968434343,0.930372149,0.939393939,0.903263403,1,1,1,0.903263403,0.764705882,1,0.419738684
0,0,1,0.93997599,0.959158416,0.968434343,0.930372149,0.939393939,0.903263403,1,1,1,0.903263403,0.764705882,1,0.419738684
0,0,1,0.93997599,0.959158416,0.968434343,0.930372149,0.939393939,0.903263403,1,1,1,0.903263403,0.764705882,1,0.419738684
0,0,1,0.93997599,0.959158416,0.968434343,0.930372149,0.939393939,0.903263403,1,1,1,0.903263403,0.764705882,1,0.419738684
0,0,1,0.93997599,0.959158416,0.968434343,0.930372149,0.939393939,0.903263403,1,1,1,0.903263403,0.764705882,1,0.419738684
0,0,1,0.93997599,0.959158416,0.968434343,0.930372149,0.939393939,0.903263403,1,1,1,0.903263403,0.764705882,1,0.419738684
0,0,1,0.93997599,0.959158416,0.968434343,0.930372149,0.939393939,0.903263403,1,1,1,0.903263403,0.764705882,1,0.419738684
0,0,1,0.93997599,0.959158416,0.968434343,0.930372149,0.939393939,0.912587413,1,1,1,0.912587413,0.764705882,1,0.422771815
0,0,1,0.93997599,0.959158416,0.968434343,0.93997599,0.939393939,0.912587413,1,1,1,0.912587413,0.764705882,1,0.431404573
0,0,1,0.93997599,0.959158416,0.968434343,0.93997599,0.939393939,0.912587413,1,1,1,0.912587413,0.764705882,1,0.431404573
0,0,1,0.93997599,0.959158416,0.968434343,0.93997599,0.949090909,0.912587413,1,1,1,0.912587413,0.764705882,1,0.431404573
0,0,1,0.93997599,0.959158416,0.968434343,0.93997599,0.949090909,0.912587413,1,1,1,0.912587413,0.764705882,1,0.431404573
0,0,1,0.93997599,0.959158416,0.968434343,0.93997599,0.949090909,0.912587413,1,1,1,0.912587413,0.764705882,1,0.431404573
0,0,1,0.93997599,0.959158416,0.968434343,0.93997599,0.949090909,0.912587413,1,1,1,0.912587413,0.764705882,1,0.431404573
0,0,1,0.93997599,0.959158416,0.968434343,0.93997599,0.949090909,0.912587413,1,1,1,0.912587413,0.764705882,1,0.431404573
0,0,1,0.93997599,0.959158416,0.968434343,0.93997599,0.949090909,0.912587413,1,1,1,0.912587413,0.823529412,1,0.433569762
0,0,1,0.93997599,0.959158416,0.968434343,0.93997599,0.949090909,0.912587413,1,1,1,0.912587413,0.823529412,1,0.437704153
0,0,1,0.93997599,0.959158416,0.968434343,0.93997599,0.949090909,0.912587413,1,1,1,0.912587413,0.823529412,1,0.443070462
0,0,1,0.93997599,0.969059406,0.968434343,0.93997599,0.949090909,0.912587413,1,1,1,0.912587413,0.823529412,1,0.443070462
0,0,1,0.93997599,0.969059406,0.968434343,0.93997599,0.949090909,0.912587413,1,1,1,0.912587413,0.823529412,1,0.443070462
0,0,1,0.93997599,0.969059406,0.978535354,0.93997599,0.949090909,0.912587413,1,1,1,0.912587413,0.823529412,1,0.443070462
0,0,1,0.93997599,0.969059406,0.978535354,0.93997599,0.949090909,0.912587413,1,1,1,0.912587413,0.823529412,1,0.443070462
1,0,1,0.93997599,0.969059406,0.978535354,0.93997599,0.949090909,0.912587413,1,1,1,0.912587413,0.823529412,1,0.44330378
1,0,1,0.93997599,0.969059406,0.978535354,0.93997599,0.949090909,0.912587413,1,1,1,0.912587413,0.823529412,1,0.44330378
1,0,1,0.950780312,0.969059406,0.978535354,0.93997599,0.949090909,0.923076923,1,1,1,0.923076923,0.823529412,1,0.44330378
1,0,1,0.950780312,0.969059406,0.978535354,0.93997599,0.949090909,0.923076923,1,1,1,0.923076923,0.823529412,1,0.46640224
1,0,1,0.950780312,0.969059406,0.978535354,0.93997599,0.949090909,0.923076923,1,1,1,0.923076923,0.823529412,1,0.489734018
1,0,0,0.950780312,0.969059406,0.978535354,0.93997599,0.949090909,0.923076923,1,1,1,0.923076923,0.823529412,1,0.498133458
1,0,0,0.950780312,0.969059406,0.978535354,0.93997599,0.96,0.923076923,1,1,1,0.932400932,0.823529412,1,0.532897807
1,0,0,0.950780312,0.969059406,0.978535354,0.93997599,0.96,0.923076923,1,1,1,0.932400932,0.823529412,1,0.583061129
1,0,0,0.950780312,0.969059406,0.978535354,0.93997599,0.96,0.923076923,1,1,1,0.932400932,0.823529412,1,0.699720019
1,0,0,0.950780312,0.969059406,0.978535354,0.93997599,0.96,0.932400932,1,1,1,0.932400932,0.823529412,1,0.699720019
1,0,0,0.950780312,0.969059406,0.978535354,0.93997599,0.96,0.932400932,1,1,1,0.932400932,0.823529412,1,0.732384508
1,0,0,0.960384154,0.969059406,0.978535354,0.93997599,0.96,0.932400932,1,1,1,0.932400932,0.823529412,1,0.739384041
1,0,0,0.960384154,0.969059406,0.978535354,0.950780312,0.96,0.932400932,1,1,1,0.932400932,0.823529412,1,0.765048997
1,0,0,0.960384154,0.969059406,0.978535354,0.950780312,0.96,0.941724942,1,1,1,0.932400932,0.823529412,1,0.765048997
1,0,0,0.960384154,0.969059406,0.978535354,0.950780312,0.96,0.941724942,1,1,1,0.932400932,0.823529412,1,0.816378908
1,0,0,0.960384154,0.969059406,0.988636364,0.950780312,0.96,0.941724942,1,1,1,0.932400932,0.882352941,1,0.886374242
1,0,0,0.960384154,0.98019802,0.988636364,0.950780312,0.96969697,0.941724942,1,1,1,0.941724942,0.882352941,1,0.892207186
1,0,0,0.960384154,0.98019802,0.988636364,0.950780312,0.96969697,0.952214452,1,1,1,0.941724942,0.882352941,1,0.896873542
1,0,0,0.960384154,0.98019802,0.988636364,0.950780312,0.96969697,0.952214452,1,1,1,0.941724942,0.882352941,1,0.933271115
1,0,0,0.960384154,0.98019802,0.988636364,0.960384154,0.96969697,0.952214452,1,1,1,0.952214452,0.882352941,1,1
1,0,0,0.960384154,0.98019802,0.988636364,0.960384154,0.979393939,0.970862471,1,1,1,0.961538462,0.941176471,1,
1,0,0,0.960384154,0.98019802,0.988636364,0.960384154,0.979393939,0.981351981,1,1,1,0.961538462,0.941176471,1,
1,0,0,0.960384154,0.98019802,0.988636364,0.960384154,0.99030303,0.990675991,1,1,1,0.970862471,0.941176471,0,
1,0,0,0.969987995,0.99009901,1,0.969987995,0.99030303,1,1,1,1,0.981351981,0.941176471,0,
1,0,0,0.990396158,1,1,0.980792317,1,1,1,1,1,0.990675991,1,0,
1,0,0,1,1,1,1,1,1,1,1,1,1,1,0,
